year,month,day,hour,minute,temp,rh,wind,rainfall,pressure,radiation
1999,6,1,0,5,25.32,93.4,4.02336,,101.1176054,120
1999,6,1,0,10,25.27,93.4,4.91744,0,101.0498776,80
1999,6,1,0,15,25.21,93.8,5.81152,,,70
1999,6,1,0,20,25.14,93.7,4.91744,,,60
1999,6,1,0,25,25.12,94,4.91744,0,100.9821498,70
1999,6,1,0,30,25.08,94,5.81152,,,90
1999,6,1,0,35,25.03,93.9,5.81152,0,100.8466942,40
1999,6,1,0,40,25.03,93.8,4.4704,0,100.8466942,40
1999,6,1,0,45,25.04,93.7,4.02336,0,100.914422,50
1999,6,1,0,50,25.05,93.5,3.12928,,,70
1999,6,1,0,55,25.07,93.5,3.12928,0,100.9821498,70
1999,6,1,1,0,25.03,93.5,3.57632,,,90
1999,6,1,1,5,24.97,93.8,4.02336,0,100.9821498,70
1999,6,1,1,10,24.95,94.2,5.81152,,,60
1999,6,1,1,15,24.94,94.2,4.91744,,,70
1999,6,1,1,20,24.87,94.5,6.25856,0,101.0498776,90
1999,6,1,1,25,24.85,94.3,4.4704,,,40
1999,6,1,1,30,24.85,94.3,6.7056,0,101.0837415,60
1999,6,1,1,35,24.87,93.7,6.25856,0,101.0837415,30
1999,6,1,1,40,24.83,93.5,5.81152,0,101.01601369999999,60
1999,6,1,1,45,24.86,93.2,6.7056,0,101.0498776,40
1999,6,1,1,50,24.85,93.2,5.81152,0,100.9482859,40
1999,6,1,1,55,24.84,93.1,8.04672,0,100.8466942,30
1999,6,1,2,0,24.84,93,7.15264,0,100.8128303,0
1999,6,1,2,5,24.86,92.8,7.59968,0,100.7789664,40
1999,6,1,2,10,24.79,93.1,8.04672,0,100.7451025,40
1999,6,1,2,15,24.8,92.8,4.4704,0,100.7451025,20
1999,6,1,2,20,24.78,92.8,5.81152,0,100.7451025,20
1999,6,1,2,25,24.79,92.8,4.02336,0,100.8466942,40
1999,6,1,2,30,24.77,92.9,4.91744,0,100.9482859,40
1999,6,1,2,35,24.77,93.1,4.4704,0,101.1176054,50
1999,6,1,2,40,24.78,93.4,3.57632,0,101.1853332,40
1999,6,1,2,45,24.79,93.2,4.02336,,,60
1999,6,1,2,50,24.79,93.3,,,,70
1999,6,1,2,55,24.77,93.8,4.02336,0,101.1853332,30
1999,6,1,3,0,24.74,94,4.02336,0,101.1853332,50
1999,6,1,3,5,24.71,93.9,3.57632,0,101.1514693,20
1999,6,1,3,10,24.68,93.7,5.81152,0,101.1514693,60
1999,6,1,3,15,24.75,93.5,4.91744,0,101.1176054,50
1999,6,1,3,20,24.77,93.3,4.4704,0,101.1853332,60
1999,6,1,3,25,24.75,93.1,3.12928,,,40
1999,6,1,3,30,24.77,93.4,2.68224,,,40
1999,6,1,3,35,24.79,93.3,2.68224,0,101.3207888,30
1999,6,1,3,40,24.73,93.5,3.57632,,,70
1999,6,1,3,45,24.76,93.7,3.57632,,,40
1999,6,1,3,50,24.77,93.6,3.57632,0,101.3546527,30
1999,6,1,3,55,24.75,93.5,4.4704,,,90
1999,6,1,4,0,24.8,93.2,5.81152,0,101.4562444,50
1999,6,1,4,5,24.84,92.3,5.81152,,,60
1999,6,1,4,10,24.86,92.2,6.7056,0,101.4901083,40
1999,6,1,4,15,24.88,91.7,6.25856,0,101.4901083,40
1999,6,1,4,20,24.94,91.6,4.4704,0,101.5239722,70
1999,6,1,4,25,24.94,91.6,4.4704,0,101.5239722,40
1999,6,1,4,30,24.94,91.5,6.25856,,,60
1999,6,1,4,35,24.91,91.5,5.81152,0,101.3885166,20
1999,6,1,4,40,24.91,91.9,5.81152,0,101.3546527,40
1999,6,1,4,45,24.93,92,5.81152,0,101.3207888,40
1999,6,1,4,50,24.87,91.6,5.81152,0,101.2869249,50
1999,6,1,4,55,24.85,91.9,4.91744,0,101.2869249,20
1999,6,1,5,0,24.83,91.9,3.57632,0,101.3207888,30
1999,6,1,5,5,24.8,91.9,5.81152,0,101.253061,40
1999,6,1,5,10,24.79,91.9,6.25856,0,101.2869249,70
1999,6,1,5,15,24.78,92.1,4.4704,0,101.3885166,180
1999,6,1,5,20,24.74,92,4.02336,0,101.4901083,490
1999,6,1,5,25,24.7,92.2,2.2352,0,101.4562444,1160
1999,6,1,5,30,24.68,92.3,,,,1870
1999,6,1,5,35,24.65,92.4,3.57632,0,101.4562444,3540
1999,6,1,5,40,24.63,92.5,4.02336,0,101.4223805,6780
1999,6,1,5,45,24.61,92.7,3.12928,,,13630
1999,6,1,5,50,24.55,92.8,3.57632,,,21560
1999,6,1,5,55,24.52,92.9,3.57632,0,101.3885166,28630
1999,6,1,6,0,24.56,92.8,4.91744,0,101.4223805,31530
1999,6,1,6,5,24.56,92.7,6.25856,0,101.4223805,36920
1999,6,1,6,10,24.53,92.8,6.7056,0,101.4223805,38270
1999,6,1,6,15,24.5,93,4.4704,,,35060
1999,6,1,6,20,24.49,93.1,4.4704,0,101.5239722,39630
1999,6,1,6,25,24.5,93.3,4.4704,0,101.5239722,56270
1999,6,1,6,30,24.54,93.1,4.91744,,,65330
1999,6,1,6,35,24.51,92.7,5.81152,,,69240
1999,6,1,6,40,24.51,92.9,5.81152,0,101.55783609999999,60010
1999,6,1,6,45,24.55,92.7,6.25856,,,71000
1999,6,1,6,50,24.47,92.5,4.91744,0,101.5917,62020
1999,6,1,6,55,24.48,92.7,5.81152,,,61840
1999,6,1,7,0,24.56,91.9,7.15264,0,101.6255639,77300
1999,6,1,7,5,24.61,91.2,5.81152,0,101.6255639,103100
1999,6,1,7,10,24.69,90.8,4.91744,0,101.6255639,139900
1999,6,1,7,15,24.73,90.2,6.25856,0,101.5239722,112600
1999,6,1,7,20,24.75,89.5,4.4704,0,101.4901083,147800
1999,6,1,7,25,24.81,88.6,7.59968,0,101.4223805,158500
1999,6,1,7,30,24.94,87.4,7.59968,0,101.3546527,228500
1999,6,1,7,35,25.03,86.9,6.25856,0,101.3546527,198800
1999,6,1,7,40,25.11,86.9,4.4704,0,101.4223805,239700
1999,6,1,7,45,25.27,85.7,5.81152,0,101.3885166,271200
1999,6,1,7,50,25.38,84,3.57632,0,101.4223805,239200
1999,6,1,7,55,25.43,83.7,4.02336,0,101.4562444,205800
1999,6,1,8,0,25.47,83.7,4.02336,0,101.4901083,366500
1999,6,1,8,5,25.69,82.7,3.57632,0,101.5239722,373700
1999,6,1,8,10,25.98,81.1,,,,403500
1999,6,1,8,15,26.37,79.4,3.57632,0,101.55783609999999,541900
1999,6,1,8,20,26.49,78.9,4.02336,,,275300
1999,6,1,8,25,26.22,80,4.91744,0,101.4562444,204700
1999,6,1,8,30,25.89,80.7,4.4704,,,189800
1999,6,1,8,35,25.66,81.7,5.81152,0,101.4562444,155200
1999,6,1,8,40,25.76,80.9,5.81152,,,326600
1999,6,1,8,45,25.95,79.9,4.91744,0,101.4562444,493600
1999,6,1,8,50,26.35,78.5,4.4704,0,101.4562444,512700.00000000006
1999,6,1,8,55,26.64,77.1,4.4704,0,101.4562444,605400
1999,6,1,9,0,26.85,76.6,4.02336,,,609500
1999,6,1,9,5,27.19,75.3,4.02336,0,101.5239722,663100
1999,6,1,9,10,27.55,73.9,5.81152,0,101.4901083,624600
1999,6,1,9,15,27.8,73.3,6.7056,0,101.4901083,633000
1999,6,1,9,20,27.81,73,8.49376,0,101.4901083,669500
1999,6,1,9,25,27.82,73,7.15264,0,101.4901083,717000
1999,6,1,9,30,27.87,72.7,6.25856,0,101.4901083,741000
1999,6,1,9,35,28,71.4,6.25856,0,101.4562444,677000
1999,6,1,9,40,28.08,70.6,5.81152,0,101.3207888,666000
1999,6,1,9,45,28.21,67.93,6.25856,0,101.253061,724000
1999,6,1,9,50,28.23,66.86,6.7056,0,101.1853332,727000
1999,6,1,9,55,28.28,65.56,6.7056,0,101.1176054,737000
1999,6,1,10,0,28.32,64.7,6.7056,0,101.0837415,748000
1999,6,1,10,5,28.55,64.29,6.7056,0,101.1514693,760000
1999,6,1,10,10,28.76,63,7.59968,0,101.0837415,771000
1999,6,1,10,15,28.63,63.37,6.25856,0,101.1176054,779000
1999,6,1,10,20,28.73,63.2,6.7056,0,101.1853332,788000
1999,6,1,10,25,28.94,63.01,4.91744,0,101.253061,796000
1999,6,1,10,30,29.16,62.07,6.7056,0,101.253061,804000
1999,6,1,10,35,29.31,61.24,4.4704,,,814000
1999,6,1,10,40,29.34,61.2,,,,824000
1999,6,1,10,45,29.36,61.29,5.81152,0,101.2869249,833000
1999,6,1,10,50,29.38,60.73,6.7056,0,101.1853332,840000
1999,6,1,10,55,29.47,60.42,6.7056,,,847000
1999,6,1,11,0,29.71,58.35,7.15264,0,101.1514693,856000
1999,6,1,11,5,29.77,57.26,6.7056,,,861000
1999,6,1,11,10,29.96,57.41,7.59968,,,870000
1999,6,1,11,15,30.14,56.91,6.7056,0,101.1176054,874000
1999,6,1,11,20,30.28,55.9,7.15264,0,101.1514693,879000
1999,6,1,11,25,30.57,53.72,5.81152,0,101.1853332,886000
1999,6,1,11,30,30.3,53.49,4.91744,,,888000
1999,6,1,11,35,30.51,55.06,4.4704,0,101.253061,889000
1999,6,1,11,40,30.85,54.59,6.7056,0,101.253061,894000
1999,6,1,11,45,31.03,53.59,7.59968,0,101.2869249,898000
1999,6,1,11,50,30.85,53.3,5.81152,,,901000
1999,6,1,11,55,30.6,54.43,6.25856,0,101.2869249,902000
1999,6,1,12,0,30.96,53.45,9.38784,0,101.2869249,906000
1999,6,1,12,5,31.22,52.48,7.15264,0,101.2869249,905000
1999,6,1,12,10,31.24,52.05,4.91744,0,101.3207888,905000
1999,6,1,12,15,31.14,52.9,8.04672,0,101.1853332,904000
1999,6,1,12,20,31.31,52.66,9.83488,0,101.1176054,903000
1999,6,1,12,25,31.32,52.78,8.49376,0,101.0498776,907000
1999,6,1,12,30,31.44,51.87,6.25856,0,101.0498776,907000
1999,6,1,12,35,31.66,52.04,8.49376,0,101.0498776,908000
1999,6,1,12,40,31.61,52.57,5.81152,0,101.1176054,896000
1999,6,1,12,45,31.82,53.45,4.91744,0,101.1176054,901000
1999,6,1,12,50,31.68,54.97,4.4704,0,101.1853332,908000
1999,6,1,12,55,31.67,53.82,4.91744,0,101.3207888,911000
1999,6,1,13,0,31.59,54.93,4.4704,0,101.4223805,909000
1999,6,1,13,5,31.58,55.53,3.57632,0,101.5239722,904000
1999,6,1,13,10,31.69,55.19,,,,899000
1999,6,1,13,15,31.88,54.8,3.12928,0,101.55783609999999,894000
1999,6,1,13,20,31.95,52.12,2.2352,,,893000
1999,6,1,13,25,31.99,52.77,3.12928,0,101.4901083,890000
1999,6,1,13,30,32.02,52.82,3.57632,,,888000
1999,6,1,13,35,31.83,52.97,3.12928,0,101.4562444,883000
1999,6,1,13,40,32.17,51.52,3.12928,0,101.4562444,877000
1999,6,1,13,45,32.19,51.71,1.34112,,,873000
1999,6,1,13,50,32.46,51.25,1.34112,0,101.5239722,870000
1999,6,1,13,55,32.36,51.24,0,,,863000
1999,6,1,14,0,32.48,50.62,3.12928,0,101.4562444,856000
1999,6,1,14,5,32.58,51.12,1.34112,,,844000
1999,6,1,14,10,32.65,50.17,2.2352,0,101.5239722,839000
1999,6,1,14,15,32.43,50.82,4.02336,0,101.55783609999999,833000
1999,6,1,14,20,32.43,51.2,3.57632,,,824000
1999,6,1,14,25,32.58,50.44,3.12928,0,101.55783609999999,816000
1999,6,1,14,30,32.53,50.69,3.12928,,,806000
1999,6,1,14,35,32.62,49.65,3.57632,,,799000
1999,6,1,14,40,32.7,50.35,6.25856,0,101.55783609999999,787000
1999,6,1,14,45,32.65,49.91,4.02336,0,101.6255639,778000
1999,6,1,14,50,32.61,50.88,4.4704,,,767000
1999,6,1,14,55,32.54,51.2,4.02336,,,757000
1999,6,1,15,0,32.89,49.69,4.91744,,,747000
1999,6,1,15,5,32.53,50.1,6.25856,0,101.5917,736000
1999,6,1,15,10,32.64,49.99,4.02336,0,101.5917,724000
1999,6,1,15,15,32.78,50.29,5.81152,0,101.4901083,712000
1999,6,1,15,20,32.72,50.91,5.81152,0,101.4223805,700000
1999,6,1,15,25,33.02,48.71,5.81152,0,101.3546527,688800
1999,6,1,15,30,32.91,50.27,6.25856,0,101.3207888,674800
1999,6,1,15,35,32.8,51.54,7.15264,0,101.2869249,663500
1999,6,1,15,40,32.74,51.82,4.4704,0,101.3546527,650700
1999,6,1,15,45,32.53,51.82,4.02336,0,101.3546527,635100
1999,6,1,15,50,32.6,51.61,3.57632,0,101.4223805,622200
1999,6,1,15,55,32.52,51.6,4.91744,0,101.4562444,608200
1999,6,1,16,0,32.79,50.46,3.57632,0,101.55783609999999,595800
1999,6,1,16,5,32.72,51.04,2.68224,0,101.6255639,580800
1999,6,1,16,10,32.65,51.55,,,,564200
1999,6,1,16,15,32.48,51.74,3.12928,0,101.7271556,549200
1999,6,1,16,20,32.7,51.96,1.34112,0,101.6255639,531200
1999,6,1,16,25,32.77,51.98,0,0,101.6932917,516500
1999,6,1,16,30,32.64,52.42,3.12928,0,101.6255639,503900
1999,6,1,16,35,32.68,54.7,1.34112,0,101.5917,487100
1999,6,1,16,40,32.73,55.15,0,0,101.6255639,470400
1999,6,1,16,45,32.74,54.69,0,0,101.7271556,456500
1999,6,1,16,50,32.6,53.95,0,,,439200
1999,6,1,16,55,32.28,55.4,0,,,419800
1999,6,1,17,0,32.24,56.99,0,0,101.6932917,403800
1999,6,1,17,5,32.35,57.32,0,,,386900
1999,6,1,17,10,32.32,57.05,0,,,369700
1999,6,1,17,15,32.32,57.07,1.34112,0,101.7610195,355900
1999,6,1,17,20,32.29,56.66,1.34112,,,309600
1999,6,1,17,25,32.12,56.77,2.68224,0,101.7271556,301800
1999,6,1,17,30,32.05,57.51,2.68224,0,101.6932917,305400
1999,6,1,17,35,32.09,56.67,4.02336,0,101.6932917,288100
1999,6,1,17,40,32.03,56.91,3.57632,0,101.7271556,272600
1999,6,1,17,45,31.81,57.25,3.57632,0,101.6255639,259100.00000000003
1999,6,1,17,50,31.67,57.81,4.02336,0,101.5239722,242900
1999,6,1,17,55,31.79,57.74,3.57632,0,101.4562444,226000
1999,6,1,18,0,31.85,57.38,3.57632,0,101.3885166,212600
1999,6,1,18,5,31.71,58.22,3.12928,0,101.3546527,198900
1999,6,1,18,10,31.65,58.09,3.57632,0,101.3885166,181200
1999,6,1,18,15,31.43,58.49,2.68224,0,101.3546527,165900
1999,6,1,18,20,31.37,59.68,6.25856,,,149900
1999,6,1,18,25,31.33,60.05,5.81152,,,133100
1999,6,1,18,30,31.27,61.28,4.4704,0,101.4562444,119900
1999,6,1,18,35,31.16,62.35,2.2352,0,101.5239722,106000
1999,6,1,18,40,30.92,64.28,1.34112,0,101.55783609999999,92900
1999,6,1,18,45,30.72,65.52,0,0,101.5917,79500
1999,6,1,18,50,30.6,66.06,,,,65630
1999,6,1,18,55,30.43,67.05,2.2352,0,101.6255639,52900
1999,6,1,19,0,30.27,67.61,1.34112,0,101.5239722,41260
1999,6,1,19,5,30.21,67.36,0,0,101.4562444,31310
1999,6,1,19,10,30.16,67.47,0,0,101.4562444,23060
1999,6,1,19,15,30.06,68.2,1.34112,0,101.4223805,16470
1999,6,1,19,20,29.77,69.35,0,,,11170
1999,6,1,19,25,29.61,70.1,0,,,7090
1999,6,1,19,30,29.54,70.2,0,0,101.4223805,4070.0000000000005
1999,6,1,19,35,29.41,70.6,0,,101.4562444,2350
1999,6,1,19,40,29.26,71.1,0,0,101.4901083,1260
1999,6,1,19,45,29.21,71.2,0,,,550
1999,6,1,19,50,29.09,71.7,0,0,101.4562444,300
1999,6,1,19,55,29.02,71.6,2.2352,,,260
1999,6,1,20,0,28.93,71.8,2.2352,0,101.5239722,250
1999,6,1,20,5,28.8,72,2.68224,,,220
1999,6,1,20,10,28.7,72.2,2.2352,0,101.4901083,240
1999,6,1,20,15,28.63,72.6,2.68224,,,270
1999,6,1,20,20,28.5,73.4,3.57632,0,101.4901083,240
1999,6,1,20,25,28.36,73.9,2.68224,0,101.4562444,250
1999,6,1,20,30,28.26,74.6,3.12928,0,101.3885166,240
1999,6,1,20,35,28.13,75.1,2.2352,0,101.2869249,240
1999,6,1,20,40,28.04,75.4,3.12928,0,101.2191971,270
1999,6,1,20,45,27.95,75.7,1.34112,0,101.1176054,250
1999,6,1,20,50,27.78,76.2,6.7056,0,101.1176054,230
1999,6,1,20,55,27.68,77.1,7.15264,0,101.1176054,240
1999,6,1,21,0,27.62,77.7,7.15264,,101.1514693,240
1999,6,1,21,5,27.57,78.4,4.91744,0,101.2191971,200
1999,6,1,21,10,27.45,79.1,7.59968,0,101.1853332,200
1999,6,1,21,15,27.36,79.8,3.57632,0,101.1853332,200
1999,6,1,21,20,27.23,80.5,4.02336,0,101.1853332,200
1999,6,1,21,25,27.12,81.3,1.34112,0,101.253061,170
1999,6,1,21,30,27.07,81.5,1.34112,0,101.253061,200
1999,6,1,21,35,26.98,82.1,0,,101.2869249,180
1999,6,1,21,40,26.93,82.3,,,,160
1999,6,1,21,45,26.89,82.5,1.34112,0,101.3207888,180
1999,6,1,21,50,26.79,83.1,0,0,101.253061,190
1999,6,1,21,55,26.74,83.5,0,0,101.2191971,140
1999,6,1,22,0,26.66,83.6,0,0,101.2191971,100
1999,6,1,22,5,26.6,84.3,0,,,160
1999,6,1,22,10,26.51,84.3,0,0,101.2191971,110
1999,6,1,22,15,26.42,84.7,0,,,110
1999,6,1,22,20,26.35,84.9,0,,,110
1999,6,1,22,25,26.26,85.1,1.34112,0,101.2869249,90
1999,6,1,22,30,26.23,85.5,2.2352,0,101.3207888,120
1999,6,1,22,35,26.17,85.4,1.34112,,,110
1999,6,1,22,40,26.08,85.7,2.2352,,,130
1999,6,1,22,45,26.01,86.3,2.2352,0,101.3546527,110
1999,6,1,22,50,25.97,86.5,3.12928,,,130
1999,6,1,22,55,25.88,87.1,3.12928,0,,110
1999,6,1,23,0,25.69,87.7,4.02336,,,90
1999,6,1,23,5,25.53,88.6,2.68224,0,101.3546527,100
1999,6,1,23,10,25.44,89.6,3.57632,,,110
1999,6,1,23,15,25.36,89.9,5.81152,0,101.2869249,60
1999,6,1,23,20,25.32,90.6,4.4704,0,101.253061,60
1999,6,1,23,25,25.33,90.8,4.02336,0,101.1514693,50
1999,6,1,23,30,25.28,91.1,4.4704,0,101.0837415,70
1999,6,1,23,35,25.2,91.3,7.15264,0,101.01601369999999,70
1999,6,1,23,40,25.18,91.6,6.25856,0,101.01601369999999,70
1999,6,1,23,45,25.18,91.8,5.81152,0,100.9821498,40
1999,6,1,23,50,25.21,92,5.81152,0,100.9821498,50
1999,6,1,23,55,25.16,92.1,2.2352,0,101.0498776,70
1999,6,2,0,0,25.18,92,2.2352,0,101.253061,50
1999,6,2,0,5,25.2,92.4,3.12928,0,101.1853332,80
1999,6,2,0,10,25.23,92.4,,,,150
1999,6,2,0,15,25.21,92.2,2.68224,0,101.2191971,50
1999,6,2,0,20,25.22,92,2.2352,0,101.1853332,80
1999,6,2,0,25,25.2,92.1,2.2352,0,101.1514693,40
1999,6,2,0,30,25.19,91.8,1.34112,0,101.1514693,40
1999,6,2,0,35,25.24,91.7,0,0,101.1514693,40
1999,6,2,0,40,25.26,91.6,0,,,60
1999,6,2,0,45,25.29,91.6,2.2352,,,40
1999,6,2,0,50,25.31,91.5,0,0,101.1853332,40
1999,6,2,0,55,25.25,91.8,1.34112,0,101.2869249,40
1999,6,2,1,0,25.23,91.8,0,,,40
1999,6,2,1,5,25.15,92.2,0,,,10
1999,6,2,1,10,25.11,92.6,0,,,40
1999,6,2,1,15,25.08,92.7,0,0,101.2869249,70
1999,6,2,1,20,25.14,92.6,2.2352,,,40
1999,6,2,1,25,25.21,92,2.2352,,,50
1999,6,2,1,30,25.23,91.2,1.34112,,,50
1999,6,2,1,35,25.27,90.9,2.68224,0,101.3546527,70
1999,6,2,1,40,25.32,90.6,2.2352,,,30
1999,6,2,1,45,25.31,90.7,3.57632,0,101.3546527,40
1999,6,2,1,50,25.26,90.7,3.57632,0,101.3546527,30
1999,6,2,1,55,25.26,90.6,4.4704,0,101.3207888,40
1999,6,2,2,0,25.29,90.9,5.81152,,101.253061,20
1999,6,2,2,5,25.29,90.2,2.68224,0,101.3207888,40
1999,6,2,2,10,25.28,90.5,4.4704,0,101.1853332,40
1999,6,2,2,15,25.28,90.9,4.91744,0,101.1176054,40
1999,6,2,2,20,25.26,90.7,5.81152,0,101.0498776,40
1999,6,2,2,25,25.2,91.3,4.4704,0,100.9482859,40
1999,6,2,2,30,25.19,91.4,6.25856,0,100.8805581,30
1999,6,2,2,35,25.17,92,4.4704,0,100.9821498,90
1999,6,2,2,40,25.13,92.1,5.81152,0,100.9821498,70
1999,6,2,2,45,25.13,92.3,3.57632,0,101.01601369999999,30
1999,6,2,2,50,25.08,92.1,4.91744,0,101.0837415,30
1999,6,2,2,55,25.08,92,3.12928,0,101.1853332,40
1999,6,2,3,0,25.09,91.6,3.12928,0,101.253061,30
1999,6,2,3,5,25.13,91.7,,,,20
1999,6,2,3,10,25.07,91.5,2.68224,0,101.2869249,70
1999,6,2,3,15,25.07,91.1,0,0,101.253061,40
1999,6,2,3,20,25.12,91.2,0,,,40
1999,6,2,3,25,25.08,91.8,0,0,101.2869249,30
1999,6,2,3,30,25.03,92.2,1.34112,,,40
1999,6,2,3,35,24.96,92.6,1.34112,,,30
1999,6,2,3,40,24.89,93.4,0,0,101.253061,40
1999,6,2,3,45,24.82,94.1,1.34112,,,40
1999,6,2,3,50,24.74,94.2,1.34112,,,30
1999,6,2,3,55,24.69,94.5,0,,,20
1999,6,2,4,0,24.66,94.6,0,0,101.2869249,30
1999,6,2,4,5,24.63,94.7,0,0,101.3546527,20
1999,6,2,4,10,24.6,95,2.2352,0,101.4562444,20
1999,6,2,4,15,24.6,95.2,1.34112,,,20
1999,6,2,4,20,24.57,95.2,2.68224,0,101.4223805,20
1999,6,2,4,25,24.55,95.6,0,,,40
1999,6,2,4,30,24.51,95.5,2.2352,,,0
1999,6,2,4,35,24.5,95.5,3.57632,0,101.4901083,30
1999,6,2,4,40,24.48,95.5,2.2352,,,20
1999,6,2,4,45,24.46,95.6,1.34112,0,101.4223805,30
1999,6,2,4,50,24.42,95.8,3.12928,,,10
1999,6,2,4,55,24.4,95.9,3.12928,,,30
1999,6,2,5,0,24.41,95.9,3.12928,0,101.3546527,20
1999,6,2,5,5,24.4,95.9,6.25856,0,101.253061,20
1999,6,2,5,10,24.39,95.8,5.81152,0,101.2869249,70
1999,6,2,5,15,24.4,95.7,4.4704,0,101.1853332,200
1999,6,2,5,20,24.42,95.4,4.02336,0,101.1514693,540
1999,6,2,5,25,24.4,95.3,3.12928,0,101.0837415,1250
1999,6,2,5,30,24.39,95.6,3.12928,0,101.0498776,2910
1999,6,2,5,35,24.36,95.9,3.57632,0,100.9821498,4720
1999,6,2,5,40,24.39,96,3.12928,0,101.0498776,7240
1999,6,2,5,45,24.36,96,8.04672,,,11080
1999,6,2,5,50,24.37,96,9.38784,0,101.0498776,14370
1999,6,2,5,55,24.43,95.4,4.02336,0,101.1514693,21550
1999,6,2,6,0,24.48,94.8,4.02336,0,101.2191971,32940
1999,6,2,6,5,24.52,94.4,0,0,101.3546527,46560
1999,6,2,6,10,24.49,94.4,1.34112,0,101.3546527,62300
1999,6,2,6,15,24.53,94.5,,,,81900
1999,6,2,6,20,24.56,94,0,0,101.3885166,92900
1999,6,2,6,25,24.63,93.7,0,,,88400
1999,6,2,6,30,24.73,93.1,0,,,101300
1999,6,2,6,35,24.85,92.5,0,,,153800
1999,6,2,6,40,24.99,92.1,0,,101.3546527,147500
1999,6,2,6,45,25.05,91.7,0,0,,163800
1999,6,2,6,50,25.2,90.8,0,,,164600
1999,6,2,6,55,25.23,90.1,0,0,101.3207888,130900
1999,6,2,7,0,25.21,90,0,0,101.2869249,118300
1999,6,2,7,5,25.09,89.7,0,,,149400
1999,6,2,7,10,25.11,90.1,0,,,189300
1999,6,2,7,15,25.18,89.7,0,0,101.3207888,84900
1999,6,2,7,20,25.19,89.3,0,,,98700
1999,6,2,7,25,25.22,89,0,0,101.3885166,125400
1999,6,2,7,30,25.26,88.7,0,,,128100
1999,6,2,7,35,25.26,88.7,0,0,101.4223805,139400
1999,6,2,7,40,25.22,88.2,2.68224,0,101.4223805,234400
1999,6,2,7,45,25.24,87.7,3.12928,,,211300
1999,6,2,7,50,25.25,87.8,4.02336,,,271300
1999,6,2,7,55,25.29,87.1,3.12928,,101.4223805,262200
1999,6,2,8,0,25.43,86.3,4.02336,,,286400
1999,6,2,8,5,25.57,85.5,6.25856,0,101.3885166,314200
1999,6,2,8,10,25.65,85,4.4704,0,101.4562444,348200
1999,6,2,8,15,25.74,84.2,3.57632,0,101.4901083,318200
1999,6,2,8,20,25.83,83.9,3.57632,0,101.4901083,444000
1999,6,2,8,25,25.91,83.2,1.34112,0,101.3885166,271600
1999,6,2,8,30,25.85,83.6,2.2352,0,101.3207888,240700
1999,6,2,8,35,25.88,83.6,1.34112,0,101.1853332,281400
1999,6,2,8,40,26.03,82.9,1.34112,0,101.0837415,642000
1999,6,2,8,45,26.49,80.8,4.02336,0,101.0837415,379000
1999,6,2,8,50,26.43,80.3,7.59968,0,101.253061,244900
1999,6,2,8,55,26.29,80.7,8.04672,,,250400
1999,6,2,9,0,26.32,81,5.81152,,,161000
1999,6,2,9,5,26.35,80.5,4.91744,,,296400
1999,6,2,9,10,26.46,79.6,2.68224,,,238200
1999,6,2,9,15,26.6,79.1,1.34112,0,101.4223805,206500
1999,6,2,9,20,26.66,77.5,1.34112,0,101.3885166,287800
1999,6,2,9,25,26.72,75.8,1.34112,0,101.4562444,286500
1999,6,2,9,30,26.76,76.9,2.2352,,,522600
1999,6,2,9,35,26.98,75.6,2.2352,0,101.4562444,573500
1999,6,2,9,40,27.13,74.9,2.2352,,,530400
1999,6,2,9,45,27.47,71.5,,,,798000
1999,6,2,9,50,27.8,69.57,2.2352,0,101.4223805,776000
1999,6,2,9,55,28.04,68.56,0,,,814000
1999,6,2,10,0,28.39,67.46,2.2352,0,101.4562444,958000
1999,6,2,10,5,28.56,66.18,1.34112,0,101.4562444,849000
1999,6,2,10,10,28.48,65.88,1.34112,0,101.4562444,869000
1999,6,2,10,15,28.49,66.69,1.34112,,,758000
1999,6,2,10,20,28.52,63.79,1.34112,,,659300
1999,6,2,10,25,28.6,62.96,0,0,101.3885166,863000
1999,6,2,10,30,28.64,64.69,2.2352,0,101.3546527,590200
1999,6,2,10,35,28.77,64.06,1.34112,0,101.4223805,647200
1999,6,2,10,40,28.86,63.08,2.2352,0,101.3546527,747000
1999,6,2,10,45,29.13,61.58,3.12928,0,101.3885166,748000
1999,6,2,10,50,29.07,62.09,1.34112,0,101.4562444,583200
1999,6,2,10,55,28.98,62.39,0,0,101.5239722,832000
1999,6,2,11,0,29.18,61.78,3.12928,0,101.4901083,958000
1999,6,2,11,5,29.21,62.26,2.68224,,101.4562444,688900
1999,6,2,11,10,29.07,62.77,0,0,101.5239722,934000
1999,6,2,11,15,29.24,62.62,2.68224,,101.4562444,581700
1999,6,2,11,20,29.31,62.21,5.81152,0,101.3207888,981000
1999,6,2,11,25,29.47,61.61,0,,101.3885166,775000
1999,6,2,11,30,29.43,61.29,4.4704,,,606600
1999,6,2,11,35,29.44,62.28,3.57632,,,787000
1999,6,2,11,40,29.64,60.97,2.2352,1.778,,1011000
1999,6,2,11,45,29.62,59.97,4.4704,,101.4223805,846000
1999,6,2,11,50,29.78,59.85,0,,101.4562444,509800
1999,6,2,11,55,29.9,60.02,3.57632,,101.4901083,744000
1999,6,2,12,0,30.1,58.53,3.57632,0,101.5239722,718000
1999,6,2,12,5,30.28,57.75,4.91744,,101.4223805,784000
1999,6,2,12,10,30.29,59.24,2.68224,0,101.4901083,711000
1999,6,2,12,15,30.18,59.02,1.34112,0,101.5239722,902000
1999,6,2,12,20,30.41,58.04,1.34112,0,101.5239722,921000
1999,6,2,12,25,30.34,56.44,1.34112,0,101.6594278,860000
1999,6,2,12,30,30.15,57.03,,,,637600
1999,6,2,12,35,30.04,57.26,0,0,101.6932917,928000
1999,6,2,12,40,30.25,57.5,0,0,101.6932917,786000
1999,6,2,12,45,30.43,56.07,0,0,101.6255639,918000
1999,6,2,12,50,30.57,56.51,0,0,101.6255639,974000
1999,6,2,12,55,30.66,55.71,0,0,101.6255639,822000
1999,6,2,13,0,30.26,57.01,0,0,101.6594278,850000
1999,6,2,13,5,30.23,57.78,2.68224,0,101.7271556,852000
1999,6,2,13,10,30.59,57.6,3.12928,0,101.6932917,936000
1999,6,2,13,15,30.96,55.27,3.57632,,,907000
1999,6,2,13,20,30.82,55.38,3.57632,0,101.7610195,903000
1999,6,2,13,25,30.83,55.98,3.12928,,,594900
1999,6,2,13,30,30.61,56.26,3.57632,0,101.7610195,803000
1999,6,2,13,35,30.56,57,3.12928,0,101.7271556,631800
1999,6,2,13,40,30.79,56.14,4.4704,,,809000
1999,6,2,13,45,30.95,56.25,4.4704,0,101.7271556,863000
1999,6,2,13,50,31.24,54.6,4.91744,0,101.6932917,860000
1999,6,2,13,55,31.28,54.18,5.81152,1.27,101.5917,767000
1999,6,2,14,0,30.9,54.7,4.4704,,101.5239722,737000
1999,6,2,14,5,30.89,53.68,4.4704,0,101.4562444,679900
1999,6,2,14,10,30.68,55.44,7.15264,0,101.4223805,758000
1999,6,2,14,15,30.75,56.39,4.91744,0,101.3885166,748000
1999,6,2,14,20,30.83,56.07,4.02336,0,101.4562444,614100
1999,6,2,14,25,30.82,55.44,4.4704,0,101.4223805,701000
1999,6,2,14,30,30.91,55.19,3.12928,0,101.4562444,718000
1999,6,2,14,35,31,54,2.2352,0,101.55783609999999,779000
1999,6,2,14,40,31.1,55.42,0,0,101.6255639,525200
1999,6,2,14,45,31.18,55.24,0,0,101.6255639,500700
1999,6,2,14,50,31.16,55.43,,,,646700
1999,6,2,14,55,31.03,54.29,1.34112,0,101.6594278,655900
1999,6,2,15,0,30.85,54.99,0,0,101.5917,551900
1999,6,2,15,5,30.84,56.1,2.68224,0,101.55783609999999,460600
1999,6,2,15,10,31.02,55.97,3.57632,0,101.4901083,330500
1999,6,2,15,15,30.78,55.59,4.4704,0,101.4562444,325000
1999,6,2,15,20,30.74,56.25,5.81152,0,101.4562444,348600
1999,6,2,15,25,30.74,56.66,4.91744,0,101.55783609999999,404300
1999,6,2,15,30,30.8,57.5,4.02336,0,101.5239722,396000
1999,6,2,15,35,30.82,57.35,4.4704,0,101.55783609999999,379900
1999,6,2,15,40,30.74,57.44,4.02336,0,101.55783609999999,366700
1999,6,2,15,45,30.76,56.78,2.68224,0,101.5917,386700
1999,6,2,15,50,30.57,57.06,3.12928,0,101.5917,397000
1999,6,2,15,55,30.63,56.9,2.2352,,,328100
1999,6,2,16,0,30.56,57.13,1.34112,0,101.5239722,369300
1999,6,2,16,5,30.71,56.66,1.34112,0,101.4562444,382800
1999,6,2,16,10,30.72,56.64,0,,,345400
1999,6,2,16,15,30.73,56.74,2.2352,0,101.3546527,306300
1999,6,2,16,20,30.7,57.13,2.2352,0,101.2869249,286700
1999,6,2,16,25,30.63,57.38,3.12928,0,101.1853332,272100
1999,6,2,16,30,30.62,55.82,4.4704,0,101.1853332,261300
1999,6,2,16,35,30.59,56.4,4.02336,,,254100
1999,6,2,16,40,30.59,56.32,5.81152,,,255700
1999,6,2,16,45,30.7,56.56,2.2352,19.304,101.3207888,266900
1999,6,2,16,50,30.71,57.13,4.4704,,,257600.00000000003
1999,6,2,16,55,30.79,57.94,4.02336,,,221400
1999,6,2,17,0,30.67,57.65,3.57632,,,200300
1999,6,2,17,5,30.55,58.38,3.12928,1.778,101.2869249,176300
1999,6,2,17,10,30.4,58.54,7.59968,,101.2869249,163800
1999,6,2,17,15,30.3,59.25,1.34112,0.7619999999999999,101.3546527,163600
1999,6,2,17,20,30.23,59.99,0,0.508,101.3207888,161800
1999,6,2,17,25,30.19,60.77,0,,101.3885166,157800
1999,6,2,17,30,30.21,60.95,2.2352,0,101.4562444,153000
1999,6,2,17,35,30.07,61.85,,,,145600
1999,6,2,17,40,30.01,61.69,2.2352,0,101.4901083,138400
1999,6,2,17,45,29.94,62.01,0,0,101.4901083,137300
1999,6,2,17,50,29.86,62.77,1.34112,,,138000
1999,6,2,17,55,29.84,63.48,2.2352,0,101.4223805,131500
1999,6,2,18,0,29.81,63.49,2.2352,,,122400
1999,6,2,18,5,29.8,64.04,1.34112,0,101.3546527,114700
1999,6,2,18,10,29.78,63.47,0,0,101.2869249,104000
1999,6,2,18,15,29.74,63.77,0,,,89900
1999,6,2,18,20,29.69,63.95,1.34112,0,101.3546527,77100
1999,6,2,18,25,29.65,64.2,0,,,67330
1999,6,2,18,30,29.63,64.76,2.2352,0,101.4562444,62370
1999,6,2,18,35,29.61,64.5,2.2352,,,64959.99999999999
1999,6,2,18,40,29.57,64.53,2.2352,0,101.4562444,75300
1999,6,2,18,45,29.5,64.13,3.12928,,,71300
1999,6,2,18,50,29.41,64.16,3.12928,0,101.4901083,60680
1999,6,2,18,55,29.3,64.7,3.57632,,,43720
1999,6,2,19,0,29.23,65.34,3.12928,,,45530
1999,6,2,19,5,29.2,65.81,3.57632,0,101.55783609999999,48630
1999,6,2,19,10,29.09,65.99,2.68224,,,36300
1999,6,2,19,15,28.96,66.41,2.68224,0,101.5239722,25420
1999,6,2,19,20,28.81,67.15,3.12928,0,101.4562444,17960
1999,6,2,19,25,28.72,67.9,2.68224,0,101.4562444,11780
1999,6,2,19,30,28.61,68.37,3.57632,0,101.3546527,5280
1999,6,2,19,35,28.53,68.8,3.12928,0,101.2869249,2270
1999,6,2,19,40,28.42,69.3,4.4704,0,101.1853332,1030
1999,6,2,19,45,28.31,69.91,2.68224,0,101.1853332,530
1999,6,2,19,50,28.25,70.2,4.4704,0,101.1514693,390
1999,6,2,19,55,28.16,70.5,3.12928,0,101.253061,280
1999,6,2,20,0,28.06,70.3,3.57632,0,101.2191971,240
1999,6,2,20,5,27.95,70.4,3.12928,0,101.253061,240
1999,6,2,20,10,27.86,70.6,0,0,101.2869249,190
1999,6,2,20,15,27.78,70.4,0,0,101.4223805,230
1999,6,2,20,20,27.7,70.6,3.12928,0,101.4562444,200
1999,6,2,20,25,27.62,70.7,,,,180
1999,6,2,20,30,27.53,71.1,2.68224,0,101.5239722,170
1999,6,2,20,35,27.45,71.4,0,0,101.5239722,210
1999,6,2,20,40,27.35,71.6,1.34112,0,101.55783609999999,210
1999,6,2,20,45,27.27,71.9,2.68224,0,101.6255639,190
1999,6,2,20,50,27.16,72.1,1.34112,0,101.6255639,170
1999,6,2,20,55,27.06,72.6,0,0,101.6255639,120
1999,6,2,21,0,26.98,72.9,3.12928,0,101.7271556,150
1999,6,2,21,5,26.91,73.3,8.04672,0,101.79488339999999,160
1999,6,2,21,10,26.89,73.7,8.04672,0,101.86261119999999,170
1999,6,2,21,15,26.83,74.2,8.04672,,,150
1999,6,2,21,20,26.76,75,7.59968,0,101.930339,110
1999,6,2,21,25,26.66,75.3,6.7056,,,150
1999,6,2,21,30,26.59,76,7.15264,0,101.9642029,130
1999,6,2,21,35,26.55,76.6,6.25856,0,101.930339,180
1999,6,2,21,40,26.46,77.1,4.91744,0,101.9642029,120
1999,6,2,21,45,26.39,77.6,4.91744,0,101.79488339999999,90
1999,6,2,21,50,26.34,78.2,6.7056,0,101.7610195,70
1999,6,2,21,55,26.27,78.9,6.25856,,,140
1999,6,2,22,0,26.18,79.3,6.25856,0,101.7271556,90
1999,6,2,22,5,26.05,79.9,6.25856,0,101.6932917,90
1999,6,2,22,10,25.96,80.5,4.4704,0,101.7271556,70
1999,6,2,22,15,25.83,81.4,5.81152,0,101.6932917,110
1999,6,2,22,20,25.73,82,5.81152,0,101.7271556,70
1999,6,2,22,25,25.67,82.6,4.91744,0,101.79488339999999,140
1999,6,2,22,30,25.58,83.1,4.02336,0,101.8287473,70
1999,6,2,22,35,25.49,83.6,4.4704,0,101.8287473,90
1999,6,2,22,40,25.39,84.1,,,,110
1999,6,2,22,45,25.29,84.7,3.57632,0,101.8964751,80
1999,6,2,22,50,25.17,85.1,2.68224,0,101.86261119999999,80
1999,6,2,22,55,25.08,85.2,1.34112,0,101.86261119999999,90
1999,6,2,23,0,25.01,85.4,2.68224,0,101.8287473,100
1999,6,2,23,5,25,85.5,3.12928,0,101.8287473,40
1999,6,2,23,10,24.94,85.9,3.57632,0,101.86261119999999,70
1999,6,2,23,15,24.88,86.3,2.68224,,,30
1999,6,2,23,20,24.84,86.9,2.68224,0,101.9642029,70
1999,6,2,23,25,24.75,87.4,3.57632,0,101.930339,90
1999,6,2,23,30,24.68,87.6,3.12928,,,20
1999,6,2,23,35,24.6,88.6,3.57632,0,101.9642029,40
1999,6,2,23,40,24.53,89.2,2.68224,0,101.930339,20
1999,6,2,23,45,24.4,90,2.68224,0,101.8964751,40
1999,6,2,23,50,24.22,91.1,2.2352,0,101.86261119999999,10
1999,6,2,23,55,24.11,91.6,1.34112,,101.79488339999999,30
1999,6,3,0,0,24.04,92.1,3.57632,0,101.86261119999999,10
1999,6,3,0,5,24,92.4,2.68224,0,101.7271556,30
1999,6,3,0,10,23.96,92.6,3.57632,0,101.6932917,10
1999,6,3,0,15,23.9,92.9,2.68224,0,101.6255639,10
1999,6,3,0,20,23.87,93.1,4.02336,0,101.55783609999999,0
1999,6,3,0,25,23.85,93.2,4.02336,0,101.4901083,20
1999,6,3,0,30,23.83,93.3,3.12928,,101.4901083,10
1999,6,3,0,35,23.77,93.4,3.57632,0,101.55783609999999,20
1999,6,3,0,40,23.76,93.5,3.57632,0,101.4901083,10
1999,6,3,0,45,23.77,93.9,2.68224,0,101.5239722,10
1999,6,3,0,50,23.78,93.9,2.2352,0,101.55783609999999,10
1999,6,3,0,55,23.76,94.1,2.2352,0,101.6255639,20
1999,6,3,1,0,23.75,94.3,3.12928,0,101.6594278,0
1999,6,3,1,5,23.76,94.5,,,,10
1999,6,3,1,10,23.78,94.7,1.34112,0,101.6932917,0
1999,6,3,1,15,23.79,94.7,1.34112,0,101.6255639,20
1999,6,3,1,20,23.79,94.6,0,0,101.5917,0
1999,6,3,1,25,23.81,94.9,0,0,101.55783609999999,10
1999,6,3,1,30,23.86,94.9,0,0,101.55783609999999,0
1999,6,3,1,35,23.81,94.9,0,,,10
1999,6,3,1,40,23.82,95,0,0,101.55783609999999,0
1999,6,3,1,45,23.8,95.1,0,,,10
1999,6,3,1,50,23.81,95.2,0,,,0
1999,6,3,1,55,23.8,95.2,0,0,101.6255639,0
1999,6,3,2,0,23.84,95.2,0,0,101.6255639,0
1999,6,3,2,5,23.83,95.3,0,0,101.6255639,0
1999,6,3,2,10,23.84,95.7,2.68224,,,0
1999,6,3,2,15,23.83,95.7,3.57632,0,101.6255639,0
1999,6,3,2,20,23.8,95.7,4.02336,,,0
1999,6,3,2,25,23.84,95.7,3.12928,0,101.6255639,0
1999,6,3,2,30,23.87,95.6,2.68224,,,20
1999,6,3,2,35,23.89,95.5,3.57632,,,20
1999,6,3,2,40,23.94,95.2,3.12928,0,101.55783609999999,0
1999,6,3,2,45,23.99,94.7,3.12928,0,101.5917,0
1999,6,3,2,50,24.04,94.1,2.2352,0,101.4562444,20
1999,6,3,2,55,24.07,93.9,2.2352,0,101.3885166,10
1999,6,3,3,0,24.11,93.7,4.02336,0,101.3546527,20
1999,6,3,3,5,24.14,93.3,5.81152,0,101.2869249,10
1999,6,3,3,10,24.17,92.7,5.81152,0,101.2869249,10
1999,6,3,3,15,24.2,92.3,2.68224,,,10
1999,6,3,3,20,24.19,92.5,8.49376,,,10
1999,6,3,3,25,24.17,92.5,9.38784,3.302,101.4562444,10
1999,6,3,3,30,24.2,92.5,2.2352,,,0
1999,6,3,3,35,24.17,93.2,2.68224,24.637999999999998,101.3885166,10
1999,6,3,3,40,24.15,93.2,3.57632,0.254,101.3885166,0
1999,6,3,3,45,24.18,93.3,2.2352,0,101.4223805,0
1999,6,3,3,50,24.17,93.3,0,0,101.4901083,0
1999,6,3,3,55,24.14,93.5,1.34112,0,101.4562444,20
1999,6,3,4,0,24.14,93.6,0,,,0
1999,6,3,4,5,24.11,93.4,,,,10
1999,6,3,4,10,24.14,93.5,1.34112,0,101.4901083,10
1999,6,3,4,15,24.18,93.7,0,0,101.4562444,10
1999,6,3,4,20,24.21,93.3,0,,,0
1999,6,3,4,25,24.19,93.4,0,,101.4562444,0
1999,6,3,4,30,24.16,93.2,0,0,,0
1999,6,3,4,35,24.14,93.5,1.34112,,,0
1999,6,3,4,40,24.09,93.9,0,,,0
1999,6,3,4,45,24.1,94.3,2.2352,0,101.4562444,0
1999,6,3,4,50,24.13,94.3,2.68224,,,0
1999,6,3,4,55,24.16,94.6,2.68224,,,20
1999,6,3,5,0,24.15,94.4,2.68224,,,0
1999,6,3,5,5,24.14,94.2,2.68224,0,101.3885166,0
1999,6,3,5,10,24.19,94.1,2.2352,,,30
1999,6,3,5,15,24.26,93.7,2.68224,0,101.4223805,100
1999,6,3,5,20,24.26,93.2,2.68224,,,220
1999,6,3,5,25,24.29,93,3.12928,,,770
1999,6,3,5,30,24.28,93.1,2.68224,0,101.4901083,1500
1999,6,3,5,35,24.23,93.1,2.68224,,,2800
1999,6,3,5,40,24.19,93.2,3.57632,,101.4901083,6530
1999,6,3,5,45,24.19,93.3,3.12928,0,,9380
1999,6,3,5,50,24.19,93.2,2.68224,0,101.5239722,12230
1999,6,3,5,55,24.22,93.1,2.2352,,,13720
1999,6,3,6,0,24.24,92.9,2.68224,0.508,101.5917,12690
1999,6,3,6,5,24.24,92.8,0,0.7619999999999999,101.6255639,19120
1999,6,3,6,10,24.23,92.7,0,0.508,,16690
1999,6,3,6,15,24.26,92.9,0,,,16000
1999,6,3,6,20,24.26,93,3.12928,2.54,101.6255639,18880
1999,6,3,6,25,24.22,93.3,3.12928,1.016,,22330
1999,6,3,6,30,24.24,93.1,2.2352,,,21810
1999,6,3,6,35,24.27,92.9,1.34112,,,26200
1999,6,3,6,40,24.28,93,1.34112,2.794,101.6255639,40530
1999,6,3,6,45,24.33,92.7,3.57632,,,60620
1999,6,3,6,50,24.37,93,4.02336,,,68400
1999,6,3,6,55,24.37,92.8,2.68224,,,63820
1999,6,3,7,0,24.37,93.1,2.68224,7.619999999999999,101.5917,58560
1999,6,3,7,5,24.39,93.6,3.12928,0.7619999999999999,,65500
1999,6,3,7,10,24.43,93.5,1.34112,,,72000
1999,6,3,7,15,24.47,93.5,2.2352,,,101200
1999,6,3,7,20,24.54,93.2,2.2352,,101.5239722,134100
1999,6,3,7,25,24.59,92.7,1.34112,,,78900
1999,6,3,7,30,24.59,92.6,1.34112,,,122300
1999,6,3,7,35,24.68,92.3,0,,,155300
1999,6,3,7,40,24.76,92.1,0,0.254,101.4901083,144800
1999,6,3,7,45,24.82,91.2,0,,101.4901083,164200
1999,6,3,7,50,24.87,90.5,4.02336,,,180700
1999,6,3,7,55,25,89.4,1.34112,,,147300
1999,6,3,8,0,25.11,88.3,2.2352,1.016,,158200
1999,6,3,8,5,25.2,87.8,2.68224,,101.5239722,134800
1999,6,3,8,10,25.26,87.9,0,1.016,101.5239722,147700
1999,6,3,8,15,25.34,87.7,2.2352,,,160400
1999,6,3,8,20,25.42,86.4,2.2352,0.254,101.4901083,373600
1999,6,3,8,25,25.6,85.3,0,0,101.4562444,372200
1999,6,3,8,30,25.71,84.1,0,0,101.4901083,480500
1999,6,3,8,35,25.89,82.9,0,0,101.5239722,361700
1999,6,3,8,40,26.01,82.4,0,0,101.5917,437000
1999,6,3,8,45,26.27,81.1,,,,268100
1999,6,3,8,50,26.17,81,1.34112,0,101.6255639,301400
1999,6,3,8,55,26.12,81.2,1.34112,,,320600
1999,6,3,9,0,26.21,80.5,2.2352,0,101.55783609999999,287600
1999,6,3,9,5,26.28,80.4,2.68224,0,101.4901083,538900
1999,6,3,9,10,26.58,79.5,0,0,101.4562444,422600
1999,6,3,9,15,26.61,79.4,0,,,186000
1999,6,3,9,20,26.49,79.3,0,,,349300
1999,6,3,9,25,26.49,79.4,0,0,101.4562444,285300
1999,6,3,9,30,26.59,78.1,0,,,280600
1999,6,3,9,35,26.57,77.7,0,,,249700
1999,6,3,9,40,26.57,78.2,0,,101.4901083,246100
1999,6,3,9,45,26.69,78.1,0,0,,500500
1999,6,3,9,50,27.07,76.4,0,,,776000
1999,6,3,9,55,27.28,75,0,0.254,101.6255639,431700
1999,6,3,10,0,27.28,74.9,0,0.254,101.5917,689000
1999,6,3,10,5,27.55,74,0,,,665800
1999,6,3,10,10,27.8,71.1,0,0,101.6255639,311000
1999,6,3,10,15,27.69,71.6,0,,,520000
1999,6,3,10,20,27.96,70.8,1.34112,,,900000
1999,6,3,10,25,28.19,68.57,2.2352,,101.5917,255000
1999,6,3,10,30,27.98,68.52,2.2352,,101.55783609999999,276400
1999,6,3,10,35,27.89,68.93,2.68224,,,326100
1999,6,3,10,40,27.86,68.99,3.12928,0.254,101.5239722,409700
1999,6,3,10,45,27.82,69.4,3.12928,0,101.55783609999999,503300
1999,6,3,10,50,27.99,68.07,4.02336,,,807000
1999,6,3,10,55,28.29,67.33,4.4704,0,101.4562444,868000
1999,6,3,11,0,28.54,66.72,7.15264,,,888000
1999,6,3,11,5,28.89,64.12,6.25856,,,957000
1999,6,3,11,10,29.1,62.92,4.02336,,,924000
1999,6,3,11,15,29.08,62.74,2.68224,0.254,101.3885166,994000
1999,6,3,11,20,29.42,62.62,8.04672,,101.4562444,711000
1999,6,3,11,25,29.38,63.21,2.2352,0,101.4223805,567100
1999,6,3,11,30,29.35,63.08,1.34112,,,290400
1999,6,3,11,35,29.12,63.82,3.57632,,101.3885166,834000
1999,6,3,11,40,29.08,63.67,2.68224,,101.3207888,913000
1999,6,3,11,45,29.52,61.86,2.2352,0,101.3546527,978000
1999,6,3,11,50,29.52,60.37,1.34112,,,873000
1999,6,3,11,55,29.76,59.71,2.2352,0,101.3885166,832000
1999,6,3,12,0,29.8,59.39,2.68224,0,101.3546527,919000
1999,6,3,12,5,29.86,59.01,0,0,101.4223805,879000
1999,6,3,12,10,29.94,59.02,2.2352,0,101.4223805,707000
1999,6,3,12,15,30.07,58.85,,,,816000
1999,6,3,12,20,30.19,58.83,1.34112,0,101.4223805,430900
1999,6,3,12,25,30.02,59.56,0,0,101.3546527,400800
1999,6,3,12,30,30.08,59.38,0,0,101.3207888,886000
1999,6,3,12,35,30.29,58.67,0,0,101.2869249,988000
1999,6,3,12,40,30.45,58.78,1.34112,0,101.2869249,638200
1999,6,3,12,45,30.63,57.87,0,,,748000
1999,6,3,12,50,30.68,57.16,0,0.254,101.3207888,662800
1999,6,3,12,55,30.3,57.25,1.34112,0,101.3546527,758000
1999,6,3,13,0,30.32,56.87,1.34112,0,101.3885166,979000
1999,6,3,13,5,30.65,54.86,3.12928,,,651100
1999,6,3,13,10,30.8,55.79,3.57632,0,101.4223805,697900
1999,6,3,13,15,30.82,55.26,3.12928,,,587200
1999,6,3,13,20,30.52,56.5,3.12928,,,829000
1999,6,3,13,25,30.64,57.17,4.91744,,,335300
1999,6,3,13,30,30.61,57.35,4.4704,,101.3885166,605000
1999,6,3,13,35,30.67,57.07,5.81152,0,101.3207888,1003000
1999,6,3,13,40,31.14,55.31,4.91744,,101.3546527,694900
1999,6,3,13,45,31.29,55.72,3.57632,,,464000
1999,6,3,13,50,30.81,57.82,1.34112,1.016,101.253061,712000
1999,6,3,13,55,31.1,56.75,3.12928,,,947000
1999,6,3,14,0,31.18,55.97,4.91744,0.254,101.1853332,416400
1999,6,3,14,5,31.06,55.08,1.34112,,101.253061,524200.00000000006
1999,6,3,14,10,31.2,54.42,14.75232,,,896000
1999,6,3,14,15,31.41,54.16,12.51712,,,754000
1999,6,3,14,20,31.35,54.52,9.38784,,,753000
1999,6,3,14,25,31.19,54.33,7.15264,,,869000
1999,6,3,14,30,31.18,55.57,4.4704,2.2859999999999996,101.2191971,471200
1999,6,3,14,35,30.97,57,3.12928,,101.0837415,720000
1999,6,3,14,40,31.26,55.76,4.4704,,,885000
1999,6,3,14,45,31.6,54.89,6.25856,0,101.0498776,832000
1999,6,3,14,50,31.65,54.38,3.57632,0,101.1176054,843000
1999,6,3,14,55,31.28,57.09,4.4704,0,101.0498776,223900
1999,6,3,15,0,30.92,58.98,3.12928,0,101.0837415,613300
1999,6,3,15,5,30.99,58.41,2.68224,0,101.1176054,791000
1999,6,3,15,10,31.37,57.71,2.2352,0,101.1853332,763000
1999,6,3,15,15,31.68,56.41,3.57632,0,101.1853332,742000
1999,6,3,15,20,31.46,57.77,3.12928,,,534400
1999,6,3,15,25,31.07,57.58,,,,516700.00000000006
1999,6,3,15,30,30.97,58.4,2.2352,0,101.253061,497600
1999,6,3,15,35,30.85,57.72,2.2352,,,239100
1999,6,3,15,40,30.7,57.68,4.02336,0,101.1853332,635300
1999,6,3,15,45,31.14,55.72,4.91744,,,596800
1999,6,3,15,50,31.17,54.31,5.81152,,,664100
1999,6,3,15,55,31.46,53.4,5.81152,0,101.1176054,621700
1999,6,3,16,0,31.57,52.87,4.02336,,,543400
1999,6,3,16,5,31.51,52.66,4.02336,0,101.1176054,595800
1999,6,3,16,10,31.38,52.41,4.02336,0,101.1176054,548500
1999,6,3,16,15,31.5,50.46,3.12928,0,101.1176054,502000
1999,6,3,16,20,31.51,50.3,2.68224,,,538900
1999,6,3,16,25,31.6,50.04,2.68224,0,101.1853332,521900
1999,6,3,16,30,31.55,50,4.4704,0,101.1853332,498300
1999,6,3,16,35,31.36,51.76,4.02336,,,448500
1999,6,3,16,40,31.36,52.55,4.91744,0,101.2191971,319200
1999,6,3,16,45,31.32,51.5,5.81152,0,101.2191971,449100
1999,6,3,16,50,31.26,51.02,4.91744,0,101.1853332,291500
1999,6,3,16,55,31.26,50.86,5.81152,0,101.1853332,402500
1999,6,3,17,0,31.42,50.46,4.91744,0,101.0837415,416500
1999,6,3,17,5,31.55,49.63,6.7056,0,101.01601369999999,397700
1999,6,3,17,10,31.57,49.03,6.25856,0,100.9482859,373400
1999,6,3,17,15,31.47,49.25,6.25856,0,100.914422,361100
1999,6,3,17,20,31.42,46.38,6.25856,0,100.8805581,345900
1999,6,3,17,25,31.34,47.44,5.81152,0,100.9821498,328700
1999,6,3,17,30,31.32,49.45,6.7056,0,100.9482859,309900
1999,6,3,17,35,31.24,51.18,3.57632,0,100.9821498,294600
1999,6,3,17,40,31.24,50.35,3.57632,0,101.01601369999999,283400
1999,6,3,17,45,31.23,49.99,4.4704,0,101.0837415,273600
1999,6,3,17,50,31.24,49.26,4.02336,0,101.1514693,259700
1999,6,3,17,55,31.33,49.06,2.68224,,,209800
1999,6,3,18,0,31.26,49.66,,,,122200
1999,6,3,18,5,30.97,50.65,2.68224,0,101.1853332,106800
1999,6,3,18,10,30.9,51.21,3.12928,0,101.0837415,168600
1999,6,3,18,15,30.87,52.37,3.57632,,,168200
1999,6,3,18,20,30.88,52.51,2.68224,0,101.0837415,168700
1999,6,3,18,25,30.87,52.81,3.12928,0,101.0498776,158500
1999,6,3,18,30,30.84,53.6,3.57632,0,101.0498776,140300
1999,6,3,18,35,30.84,54.84,2.2352,0,101.0837415,124300
1999,6,3,18,40,30.71,55.1,2.2352,,,105700
1999,6,3,18,45,30.5,56.17,2.2352,0,101.1853332,93100
1999,6,3,18,50,30.38,57.47,2.2352,,,77800
1999,6,3,18,55,30.26,59.22,2.68224,0,101.2191971,62350
1999,6,3,19,0,30.03,61.03,2.68224,,,49170
1999,6,3,19,5,29.85,62.69,2.68224,,,35010
1999,6,3,19,10,29.65,63.67,3.12928,0,101.253061,16600
1999,6,3,19,15,29.53,64.76,4.4704,,,11660
1999,6,3,19,20,29.38,65.18,4.02336,0,101.2869249,8050.000000000001
1999,6,3,19,25,29.24,65.6,4.4704,0,101.253061,5730
1999,6,3,19,30,29.12,66.19,4.91744,0,101.2191971,3280
1999,6,3,19,35,28.99,66.45,4.02336,0,101.1853332,1800
1999,6,3,19,40,28.85,67.08,2.68224,0,101.0837415,1160
1999,6,3,19,45,28.77,67.56,9.38784,0,101.0837415,570
1999,6,3,19,50,28.68,67.85,7.15264,,101.0837415,420
1999,6,3,19,55,28.59,68.34,2.68224,,101.01601369999999,290
1999,6,3,20,0,28.49,68.85,4.02336,,100.9821498,340
1999,6,3,20,5,28.39,69.48,3.57632,0,101.01601369999999,250
1999,6,3,20,10,28.29,70.1,4.02336,0,100.9482859,270
1999,6,3,20,15,28.2,70.5,4.02336,,100.9482859,240
1999,6,3,20,20,28.13,70.8,2.68224,0,100.9821498,240
1999,6,3,20,25,28.05,70.9,2.2352,0,101.01601369999999,230
1999,6,3,20,30,27.97,71,1.34112,0,101.01601369999999,270
1999,6,3,20,35,27.9,71.3,3.12928,0,100.9482859,240
1999,6,3,20,40,27.79,71.3,,,,230
1999,6,3,20,45,27.67,71.4,0,0,101.0837415,210
1999,6,3,20,50,27.59,71.1,1.34112,,,190
1999,6,3,20,55,27.46,70.8,1.34112,0,101.0498776,220
1999,6,3,21,0,27.37,70.8,0,0,100.9821498,170
1999,6,3,21,5,27.29,70.4,0,,100.914422,200
1999,6,3,21,10,27.21,69.96,0,,,170
1999,6,3,21,15,27.12,70.2,0,0.254,100.8466942,200
1999,6,3,21,20,26.99,71.1,0,,100.8466942,180
1999,6,3,21,25,26.84,71.8,0,,,150
1999,6,3,21,30,26.72,72.9,0,,100.914422,150
1999,6,3,21,35,26.62,73.8,0,,,150
1999,6,3,21,40,26.49,74.8,0,0,100.9482859,110
1999,6,3,21,45,26.39,75.8,0,,,140
1999,6,3,21,50,26.32,76.6,2.2352,0,,130
1999,6,3,21,55,26.26,77.4,1.34112,0,101.01601369999999,110
1999,6,3,22,0,26.13,77.9,2.2352,,,100
1999,6,3,22,5,26.02,78.6,1.34112,1.778,,100
1999,6,3,22,10,25.88,79.1,1.34112,3.0479999999999996,,110
1999,6,3,22,15,25.78,79.7,3.57632,,,110
1999,6,3,22,20,25.7,80.3,2.2352,0.7619999999999999,101.0498776,70
1999,6,3,22,25,25.67,80.8,2.2352,,,90
1999,6,3,22,30,25.59,81.2,4.02336,,,90
1999,6,3,22,35,25.48,82.1,2.2352,,100.9821498,90
1999,6,3,22,40,25.47,82.5,3.57632,,,70
1999,6,3,22,45,25.46,83.1,4.02336,,100.9482859,90
1999,6,3,22,50,25.43,83.4,0,,100.8466942,60
1999,6,3,22,55,25.38,83.8,2.68224,,100.8128303,50
1999,6,3,23,0,25.32,84.3,6.7056,0.508,100.8128303,50
1999,6,3,23,5,25.25,85,4.4704,,100.8128303,90
1999,6,3,23,10,25.16,85.5,4.02336,0,100.8466942,40
1999,6,3,23,15,25.08,86,7.15264,0,100.8466942,60
1999,6,3,23,20,25.04,86.5,4.4704,,,20
1999,6,3,23,25,24.98,87,2.2352,0,100.8805581,60
1999,6,3,23,30,24.93,87.7,2.2352,,,20
1999,6,3,23,35,24.89,88.1,1.34112,0,100.8466942,50
1999,6,3,23,40,24.84,88.5,1.34112,,,30
1999,6,3,23,45,24.79,88.9,4.02336,0,100.8805581,50
1999,6,3,23,50,24.71,89.2,,,,40
1999,6,3,23,55,24.64,89.8,2.2352,0,100.9482859,30
1999,6,4,0,0,24.58,90.6,2.2352,,,10
1999,6,4,0,5,24.51,91.1,1.34112,0,100.8805581,10
1999,6,4,0,10,24.46,91.7,2.68224,,,40
1999,6,4,0,15,24.42,92,3.12928,0,100.8466942,30
1999,6,4,0,20,24.36,92.5,1.34112,0,100.8466942,20
1999,6,4,0,25,24.34,93,1.34112,,,30
1999,6,4,0,30,24.34,93.3,1.34112,0,100.8805581,0
1999,6,4,0,35,24.33,93.4,0,0,100.914422,20
1999,6,4,0,40,24.34,93.8,1.34112,0,101.01601369999999,20
1999,6,4,0,45,24.31,94.1,1.34112,0,100.9821498,10
1999,6,4,0,50,24.3,94.3,4.4704,0,101.01601369999999,20
1999,6,4,0,55,24.3,94.5,4.4704,,,30
1999,6,4,1,0,24.27,94.7,6.25856,,,30
1999,6,4,1,5,24.29,94.9,4.91744,,,20
1999,6,4,1,10,24.25,94.8,4.4704,0,101.01601369999999,30
1999,6,4,1,15,24.2,95.1,7.15264,0,100.9821498,30
1999,6,4,1,20,24.15,95.4,7.15264,0,100.9821498,30
1999,6,4,1,25,24.13,95.5,3.57632,0,101.0498776,10
1999,6,4,1,30,24.13,95.7,4.4704,0,100.914422,0
1999,6,4,1,35,24.16,95.5,4.91744,0,100.8805581,20
1999,6,4,1,40,24.16,95.4,4.4704,0,100.8466942,20
1999,6,4,1,45,24.16,95.5,6.25856,0,100.7789664,10
1999,6,4,1,50,24.19,95.5,4.4704,0,100.7451025,0
1999,6,4,1,55,24.24,95.3,4.02336,0,100.8466942,20
1999,6,4,2,0,24.27,95.4,5.81152,0,100.7789664,30
1999,6,4,2,5,24.28,95.2,4.91744,0,100.7789664,0
1999,6,4,2,10,24.34,95.2,4.02336,0,100.8466942,20
1999,6,4,2,15,24.36,95.3,4.91744,0,100.8805581,30
1999,6,4,2,20,24.4,95.1,4.4704,,,20
1999,6,4,2,25,24.44,94.9,4.91744,0,100.914422,30
1999,6,4,2,30,24.43,94.3,,,,0
1999,6,4,2,35,24.42,93.8,3.57632,0,101.01601369999999,10
1999,6,4,2,40,24.45,93.6,4.91744,,,0
1999,6,4,2,45,24.44,93.3,6.25856,0,100.9482859,10
1999,6,4,2,50,24.42,93,4.4704,,,0
1999,6,4,2,55,24.44,92.7,4.91744,0,100.9482859,30
1999,6,4,3,0,24.45,92.4,4.91744,,,10
1999,6,4,3,5,24.47,92.3,4.02336,,,0
1999,6,4,3,10,24.49,92.1,4.4704,0,100.914422,30
1999,6,4,3,15,24.47,92.2,4.02336,,,10
1999,6,4,3,20,24.5,92.1,3.57632,,,10
1999,6,4,3,25,24.53,91.9,3.12928,0,100.914422,10
1999,6,4,3,30,24.51,91.7,2.68224,,100.9821498,10
1999,6,4,3,35,24.5,91.6,2.68224,0,,20
1999,6,4,3,40,24.53,91.4,2.68224,,,0
1999,6,4,3,45,24.54,91.5,2.68224,,,10
1999,6,4,3,50,24.54,91.8,3.12928,,,20
1999,6,4,3,55,24.57,92,2.68224,0,101.0837415,20
1999,6,4,4,0,24.54,92.1,3.57632,0,101.0498776,20
1999,6,4,4,5,24.54,92.3,5.81152,,,10
1999,6,4,4,10,24.53,92.4,6.25856,0,101.0837415,0
1999,6,4,4,15,24.57,92,6.7056,,,10
1999,6,4,4,20,24.55,91.8,6.25856,0,101.0837415,20
1999,6,4,4,25,24.53,92.1,7.15264,,,10
1999,6,4,4,30,24.52,92,7.59968,0,101.0498776,20
1999,6,4,4,35,24.49,92.3,8.04672,,,20
1999,6,4,4,40,24.44,92.3,7.15264,0,101.0498776,10
1999,6,4,4,45,24.43,92.5,4.91744,0,101.1176054,10
1999,6,4,4,50,24.45,92.7,6.25856,0,101.0498776,0
1999,6,4,4,55,24.45,92.9,4.4704,0,100.9821498,10
1999,6,4,5,0,24.43,92.8,6.7056,0,100.9482859,0
1999,6,4,5,5,24.41,93.1,6.7056,0,100.914422,20
1999,6,4,5,10,24.39,93.4,5.81152,0,100.8466942,60
1999,6,4,5,15,24.4,93.7,4.91744,0,100.8805581,180
1999,6,4,5,20,24.36,94.1,4.4704,0,100.8128303,490
1999,6,4,5,25,24.33,94.7,5.81152,0,100.8805581,930
1999,6,4,5,30,24.3,94.9,4.91744,0,100.9821498,1740
1999,6,4,5,35,24.26,95.1,5.81152,0,101.0837415,3380
1999,6,4,5,40,24.27,94.7,4.4704,0,101.1514693,4720
1999,6,4,5,45,24.27,95,,,,7210
1999,6,4,5,50,24.25,95.3,4.02336,0,101.2191971,14190
1999,6,4,5,55,24.27,95.5,4.4704,0,101.0837415,14040
1999,6,4,6,0,24.25,95.4,4.4704,0,101.0837415,19690
1999,6,4,6,5,24.26,95.3,6.25856,0,101.0498776,27880
1999,6,4,6,10,24.3,95.1,4.91744,,,28350
1999,6,4,6,15,24.31,94.8,4.4704,0,101.01601369999999,24870
1999,6,4,6,20,24.26,95.2,4.02336,0,101.01601369999999,33880
1999,6,4,6,25,24.25,95.7,4.91744,0,101.0837415,68370
1999,6,4,6,30,24.28,95.6,6.25856,0,101.0837415,58200
1999,6,4,6,35,24.3,95.5,7.15264,0,101.1853332,47420
1999,6,4,6,40,24.33,95.4,6.7056,0,101.1514693,68670
1999,6,4,6,45,24.37,95,7.15264,0,101.1514693,55450
1999,6,4,6,50,24.43,94.7,7.59968,0,101.0837415,92300
1999,6,4,6,55,24.48,94.5,6.25856,0,101.1514693,79700
1999,6,4,7,0,24.58,94,4.4704,0,101.0498776,120200
1999,6,4,7,5,24.64,93.2,4.02336,0,100.9821498,79100
1999,6,4,7,10,24.66,93.1,4.02336,0,100.9821498,142700
1999,6,4,7,15,24.73,92.7,4.91744,0,100.9482859,210900
1999,6,4,7,20,24.88,91.7,4.91744,0,100.8805581,198600
1999,6,4,7,25,24.95,91.4,3.12928,0,100.9482859,269400
1999,6,4,7,30,25.12,90.3,4.4704,0,100.9482859,433100
1999,6,4,7,35,25.36,88.8,4.02336,0,100.9821498,428500
1999,6,4,7,40,25.51,87.5,4.91744,0,101.0837415,385600
1999,6,4,7,45,25.59,86.8,4.91744,0,101.0837415,517700.00000000006
1999,6,4,7,50,25.87,84.6,3.12928,0,101.1514693,536100
1999,6,4,7,55,26.05,83.8,,,,362400
1999,6,4,8,0,25.92,83.5,4.02336,0,101.1514693,277000
1999,6,4,8,5,25.85,84.9,4.02336,0,101.0498776,225300
1999,6,4,8,10,25.83,84.6,4.4704,0,101.0837415,141300
1999,6,4,8,15,25.82,83.9,4.02336,,,264400
1999,6,4,8,20,25.99,83.9,4.4704,,,488900
1999,6,4,8,25,26.37,82.6,4.91744,0,101.0498776,445400
1999,6,4,8,30,26.48,81.7,4.02336,0,101.0837415,349200
1999,6,4,8,35,26.33,81.9,3.57632,0,101.1176054,176800
1999,6,4,8,40,26.04,83.1,3.57632,,,130000
1999,6,4,8,45,25.9,84.4,2.68224,0,101.1514693,145000
1999,6,4,8,50,25.91,84.3,2.68224,0,101.1514693,188800
1999,6,4,8,55,25.93,84.5,3.12928,0,101.2191971,206900
1999,6,4,9,0,26.04,83.8,4.4704,,,268100
1999,6,4,9,5,26.28,82.7,4.02336,0,101.253061,606800
1999,6,4,9,10,26.59,81,3.57632,,,586700
1999,6,4,9,15,26.83,80,4.4704,0,101.253061,610600
1999,6,4,9,20,27.04,78.9,4.4704,0,101.2869249,679200
1999,6,4,9,25,27.37,77.3,4.02336,0,101.2869249,747000
1999,6,4,9,30,27.61,75.7,4.4704,0,101.1176054,757000
1999,6,4,9,35,27.71,74.8,5.81152,0,101.0498776,827000
1999,6,4,9,40,27.8,73.5,6.25856,0,100.9482859,821000
1999,6,4,9,45,28.24,71.8,6.25856,0,100.8805581,484600
1999,6,4,9,50,28.15,70.3,4.91744,0,100.8466942,264100
1999,6,4,9,55,27.85,70.4,3.57632,0,100.8466942,575300
1999,6,4,10,0,27.99,69.6,5.81152,0,100.8128303,506600
1999,6,4,10,5,28.08,68.72,4.02336,0,100.8128303,773000
1999,6,4,10,10,28.29,68.14,4.4704,0,100.8466942,751000
1999,6,4,10,15,28.55,67.87,5.81152,0,100.8805581,609700
1999,6,4,10,20,28.63,67.7,4.02336,0,100.9482859,817000
1999,6,4,10,25,28.78,66.68,2.68224,,,823000
1999,6,4,10,30,28.74,67.36,,,,742000
1999,6,4,10,35,28.94,66.95,3.57632,0,101.01601369999999,703000
1999,6,4,10,40,28.9,67.56,4.4704,0,100.914422,762000
1999,6,4,10,45,28.78,68.75,6.7056,0,100.8466942,634700
1999,6,4,10,50,28.85,68.32,6.25856,,,880000
1999,6,4,10,55,29.2,67.51,6.7056,0,100.8466942,435900
1999,6,4,11,0,28.93,68.06,5.81152,,,234100
1999,6,4,11,5,28.71,69.31,6.25856,0,100.8466942,356000
1999,6,4,11,10,28.65,70.2,5.81152,,,903000
1999,6,4,11,15,29.04,68.85,7.59968,0,100.8466942,932000
1999,6,4,11,20,29.36,66.89,4.02336,0,100.914422,858000
1999,6,4,11,25,29.52,64.73,6.7056,,,792000
1999,6,4,11,30,29.65,64.15,5.81152,0,100.8466942,773000
1999,6,4,11,35,29.53,65.86,7.59968,,,946000
1999,6,4,11,40,29.61,65.36,7.15264,0,100.914422,758000
1999,6,4,11,45,29.84,63.98,7.59968,0,100.9482859,668300
1999,6,4,11,50,29.88,62.82,6.7056,0,100.914422,864000
1999,6,4,11,55,30.19,59.92,7.15264,0,100.914422,911000
1999,6,4,12,0,30.54,57.44,6.25856,0,100.9821498,910000
1999,6,4,12,5,30.46,57.01,6.7056,0,100.8805581,911000
1999,6,4,12,10,30.57,57.87,7.59968,0,100.7789664,910000
1999,6,4,12,15,30.78,57.57,7.59968,0,100.7112386,930000
1999,6,4,12,20,30.42,58.52,8.04672,0,100.6773747,956000
1999,6,4,12,25,30.5,58.57,8.04672,0,100.6096469,795000
1999,6,4,12,30,30.72,57.67,6.25856,0,100.6435108,734000
1999,6,4,12,35,31,57.26,6.25856,0,100.575783,990000
1999,6,4,12,40,31.06,56.62,6.25856,0,100.6435108,1012000
1999,6,4,12,45,31.31,55.8,6.25856,0,100.7112386,994000
1999,6,4,12,50,31.39,55.88,6.7056,0,100.7789664,438300
1999,6,4,12,55,31.2,56.15,6.25856,0,100.8128303,644900
1999,6,4,13,0,31.39,56.25,6.25856,,,853000
