year,month,day,hour,minute,kwm2,temp,rh,pressure_Hg,windspeed_mph,precipitation_in
1999,6,1,0,5,0.12,25.32,93.4,29.86,9,
1999,6,1,0,10,0.08,25.27,93.4,29.84,11,0
1999,6,1,0,15,0.07,25.21,93.8,,13,
1999,6,1,0,20,0.06,25.14,93.7,,11,
1999,6,1,0,25,0.07,25.12,94,29.82,11,0
1999,6,1,0,30,0.09,25.08,94,,13,
1999,6,1,0,35,0.04,25.03,93.9,29.78,13,0
1999,6,1,0,40,0.04,25.03,93.8,29.78,10,0
1999,6,1,0,45,0.05,25.04,93.7,29.8,9,0
1999,6,1,0,50,0.07,25.05,93.5,,7,
1999,6,1,0,55,0.07,25.07,93.5,29.82,7,0
1999,6,1,1,0,0.09,25.03,93.5,,8,
1999,6,1,1,5,0.07,24.97,93.8,29.82,9,0
1999,6,1,1,10,0.06,24.95,94.2,,13,
1999,6,1,1,15,0.07,24.94,94.2,,11,
1999,6,1,1,20,0.09,24.87,94.5,29.84,14,0
1999,6,1,1,25,0.04,24.85,94.3,,10,
1999,6,1,1,30,0.06,24.85,94.3,29.85,15,0
1999,6,1,1,35,0.03,24.87,93.7,29.85,14,0
1999,6,1,1,40,0.06,24.83,93.5,29.83,13,0
1999,6,1,1,45,0.04,24.86,93.2,29.84,15,0
1999,6,1,1,50,0.04,24.85,93.2,29.81,13,0
1999,6,1,1,55,0.03,24.84,93.1,29.78,18,0
1999,6,1,2,0,0,24.84,93,29.77,16,0
1999,6,1,2,5,0.04,24.86,92.8,29.76,17,0
1999,6,1,2,10,0.04,24.79,93.1,29.75,18,0
1999,6,1,2,15,0.02,24.8,92.8,29.75,10,0
1999,6,1,2,20,0.02,24.78,92.8,29.75,13,0
1999,6,1,2,25,0.04,24.79,92.8,29.78,9,0
1999,6,1,2,30,0.04,24.77,92.9,29.81,11,0
1999,6,1,2,35,0.05,24.77,93.1,29.86,10,0
1999,6,1,2,40,0.04,24.78,93.4,29.88,8,0
1999,6,1,2,45,0.06,24.79,93.2,,9,
1999,6,1,2,50,0.07,24.79,93.3,,,
1999,6,1,2,55,0.03,24.77,93.8,29.88,9,0
1999,6,1,3,0,0.05,24.74,94,29.88,9,0
1999,6,1,3,5,0.02,24.71,93.9,29.87,8,0
1999,6,1,3,10,0.06,24.68,93.7,29.87,13,0
1999,6,1,3,15,0.05,24.75,93.5,29.86,11,0
1999,6,1,3,20,0.06,24.77,93.3,29.88,10,0
1999,6,1,3,25,0.04,24.75,93.1,,7,
1999,6,1,3,30,0.04,24.77,93.4,,6,
1999,6,1,3,35,0.03,24.79,93.3,29.92,6,0
1999,6,1,3,40,0.07,24.73,93.5,,8,
1999,6,1,3,45,0.04,24.76,93.7,,8,
1999,6,1,3,50,0.03,24.77,93.6,29.93,8,0
1999,6,1,3,55,0.09,24.75,93.5,,10,
1999,6,1,4,0,0.05,24.8,93.2,29.96,13,0
1999,6,1,4,5,0.06,24.84,92.3,,13,
1999,6,1,4,10,0.04,24.86,92.2,29.97,15,0
1999,6,1,4,15,0.04,24.88,91.7,29.97,14,0
1999,6,1,4,20,0.07,24.94,91.6,29.98,10,0
1999,6,1,4,25,0.04,24.94,91.6,29.98,10,0
1999,6,1,4,30,0.06,24.94,91.5,,14,
1999,6,1,4,35,0.02,24.91,91.5,29.94,13,0
1999,6,1,4,40,0.04,24.91,91.9,29.93,13,0
1999,6,1,4,45,0.04,24.93,92,29.92,13,0
1999,6,1,4,50,0.05,24.87,91.6,29.91,13,0
1999,6,1,4,55,0.02,24.85,91.9,29.91,11,0
1999,6,1,5,0,0.03,24.83,91.9,29.92,8,0
1999,6,1,5,5,0.04,24.8,91.9,29.9,13,0
1999,6,1,5,10,0.07,24.79,91.9,29.91,14,0
1999,6,1,5,15,0.18,24.78,92.1,29.94,10,0
1999,6,1,5,20,0.49,24.74,92,29.97,9,0
1999,6,1,5,25,1.16,24.7,92.2,29.96,5,0
1999,6,1,5,30,1.87,24.68,92.3,,,
1999,6,1,5,35,3.54,24.65,92.4,29.96,8,0
1999,6,1,5,40,6.78,24.63,92.5,29.95,9,0
1999,6,1,5,45,13.63,24.61,92.7,,7,
1999,6,1,5,50,21.56,24.55,92.8,,8,
1999,6,1,5,55,28.63,24.52,92.9,29.94,8,0
1999,6,1,6,0,31.53,24.56,92.8,29.95,11,0
1999,6,1,6,5,36.92,24.56,92.7,29.95,14,0
1999,6,1,6,10,38.27,24.53,92.8,29.95,15,0
1999,6,1,6,15,35.06,24.5,93,,10,
1999,6,1,6,20,39.63,24.49,93.1,29.98,10,0
1999,6,1,6,25,56.27,24.5,93.3,29.98,10,0
1999,6,1,6,30,65.33,24.54,93.1,,11,
1999,6,1,6,35,69.24,24.51,92.7,,13,
1999,6,1,6,40,60.01,24.51,92.9,29.99,13,0
1999,6,1,6,45,71,24.55,92.7,,14,
1999,6,1,6,50,62.02,24.47,92.5,30,11,0
1999,6,1,6,55,61.84,24.48,92.7,,13,
1999,6,1,7,0,77.3,24.56,91.9,30.01,16,0
1999,6,1,7,5,103.1,24.61,91.2,30.01,13,0
1999,6,1,7,10,139.9,24.69,90.8,30.01,11,0
1999,6,1,7,15,112.6,24.73,90.2,29.98,14,0
1999,6,1,7,20,147.8,24.75,89.5,29.97,10,0
1999,6,1,7,25,158.5,24.81,88.6,29.95,17,0
1999,6,1,7,30,228.5,24.94,87.4,29.93,17,0
1999,6,1,7,35,198.8,25.03,86.9,29.93,14,0
1999,6,1,7,40,239.7,25.11,86.9,29.95,10,0
1999,6,1,7,45,271.2,25.27,85.7,29.94,13,0
1999,6,1,7,50,239.2,25.38,84,29.95,8,0
1999,6,1,7,55,205.8,25.43,83.7,29.96,9,0
1999,6,1,8,0,366.5,25.47,83.7,29.97,9,0
1999,6,1,8,5,373.7,25.69,82.7,29.98,8,0
1999,6,1,8,10,403.5,25.98,81.1,,,
1999,6,1,8,15,541.9,26.37,79.4,29.99,8,0
1999,6,1,8,20,275.3,26.49,78.9,,9,
1999,6,1,8,25,204.7,26.22,80,29.96,11,0
1999,6,1,8,30,189.8,25.89,80.7,,10,
1999,6,1,8,35,155.2,25.66,81.7,29.96,13,0
1999,6,1,8,40,326.6,25.76,80.9,,13,
1999,6,1,8,45,493.6,25.95,79.9,29.96,11,0
1999,6,1,8,50,512.7,26.35,78.5,29.96,10,0
1999,6,1,8,55,605.4,26.64,77.1,29.96,10,0
1999,6,1,9,0,609.5,26.85,76.6,,9,
1999,6,1,9,5,663.1,27.19,75.3,29.98,9,0
1999,6,1,9,10,624.6,27.55,73.9,29.97,13,0
1999,6,1,9,15,633,27.8,73.3,29.97,15,0
1999,6,1,9,20,669.5,27.81,73,29.97,19,0
1999,6,1,9,25,717,27.82,73,29.97,16,0
1999,6,1,9,30,741,27.87,72.7,29.97,14,0
1999,6,1,9,35,677,28,71.4,29.96,14,0
1999,6,1,9,40,666,28.08,70.6,29.92,13,0
1999,6,1,9,45,724,28.21,67.93,29.9,14,0
1999,6,1,9,50,727,28.23,66.86,29.88,15,0
1999,6,1,9,55,737,28.28,65.56,29.86,15,0
1999,6,1,10,0,748,28.32,64.7,29.85,15,0
1999,6,1,10,5,760,28.55,64.29,29.87,15,0
1999,6,1,10,10,771,28.76,63,29.85,17,0
1999,6,1,10,15,779,28.63,63.37,29.86,14,0
1999,6,1,10,20,788,28.73,63.2,29.88,15,0
1999,6,1,10,25,796,28.94,63.01,29.9,11,0
1999,6,1,10,30,804,29.16,62.07,29.9,15,0
1999,6,1,10,35,814,29.31,61.24,,10,
1999,6,1,10,40,824,29.34,61.2,,,
1999,6,1,10,45,833,29.36,61.29,29.91,13,0
1999,6,1,10,50,840,29.38,60.73,29.88,15,0
1999,6,1,10,55,847,29.47,60.42,,15,
1999,6,1,11,0,856,29.71,58.35,29.87,16,0
1999,6,1,11,5,861,29.77,57.26,,15,
1999,6,1,11,10,870,29.96,57.41,,17,
1999,6,1,11,15,874,30.14,56.91,29.86,15,0
1999,6,1,11,20,879,30.28,55.9,29.87,16,0
1999,6,1,11,25,886,30.57,53.72,29.88,13,0
1999,6,1,11,30,888,30.3,53.49,,11,
1999,6,1,11,35,889,30.51,55.06,29.9,10,0
1999,6,1,11,40,894,30.85,54.59,29.9,15,0
1999,6,1,11,45,898,31.03,53.59,29.91,17,0
1999,6,1,11,50,901,30.85,53.3,,13,
1999,6,1,11,55,902,30.6,54.43,29.91,14,0
1999,6,1,12,0,906,30.96,53.45,29.91,21,0
1999,6,1,12,5,905,31.22,52.48,29.91,16,0
1999,6,1,12,10,905,31.24,52.05,29.92,11,0
1999,6,1,12,15,904,31.14,52.9,29.88,18,0
1999,6,1,12,20,903,31.31,52.66,29.86,22,0
1999,6,1,12,25,907,31.32,52.78,29.84,19,0
1999,6,1,12,30,907,31.44,51.87,29.84,14,0
1999,6,1,12,35,908,31.66,52.04,29.84,19,0
1999,6,1,12,40,896,31.61,52.57,29.86,13,0
1999,6,1,12,45,901,31.82,53.45,29.86,11,0
1999,6,1,12,50,908,31.68,54.97,29.88,10,0
1999,6,1,12,55,911,31.67,53.82,29.92,11,0
1999,6,1,13,0,909,31.59,54.93,29.95,10,0
1999,6,1,13,5,904,31.58,55.53,29.98,8,0
1999,6,1,13,10,899,31.69,55.19,,,
1999,6,1,13,15,894,31.88,54.8,29.99,7,0
1999,6,1,13,20,893,31.95,52.12,,5,
1999,6,1,13,25,890,31.99,52.77,29.97,7,0
1999,6,1,13,30,888,32.02,52.82,,8,
1999,6,1,13,35,883,31.83,52.97,29.96,7,0
1999,6,1,13,40,877,32.17,51.52,29.96,7,0
1999,6,1,13,45,873,32.19,51.71,,3,
1999,6,1,13,50,870,32.46,51.25,29.98,3,0
1999,6,1,13,55,863,32.36,51.24,,0,
1999,6,1,14,0,856,32.48,50.62,29.96,7,0
1999,6,1,14,5,844,32.58,51.12,,3,
1999,6,1,14,10,839,32.65,50.17,29.98,5,0
1999,6,1,14,15,833,32.43,50.82,29.99,9,0
1999,6,1,14,20,824,32.43,51.2,,8,
1999,6,1,14,25,816,32.58,50.44,29.99,7,0
1999,6,1,14,30,806,32.53,50.69,,7,
1999,6,1,14,35,799,32.62,49.65,,8,
1999,6,1,14,40,787,32.7,50.35,29.99,14,0
1999,6,1,14,45,778,32.65,49.91,30.01,9,0
1999,6,1,14,50,767,32.61,50.88,,10,
1999,6,1,14,55,757,32.54,51.2,,9,
1999,6,1,15,0,747,32.89,49.69,,11,
1999,6,1,15,5,736,32.53,50.1,30,14,0
1999,6,1,15,10,724,32.64,49.99,30,9,0
1999,6,1,15,15,712,32.78,50.29,29.97,13,0
1999,6,1,15,20,700,32.72,50.91,29.95,13,0
1999,6,1,15,25,688.8,33.02,48.71,29.93,13,0
1999,6,1,15,30,674.8,32.91,50.27,29.92,14,0
1999,6,1,15,35,663.5,32.8,51.54,29.91,16,0
1999,6,1,15,40,650.7,32.74,51.82,29.93,10,0
1999,6,1,15,45,635.1,32.53,51.82,29.93,9,0
1999,6,1,15,50,622.2,32.6,51.61,29.95,8,0
1999,6,1,15,55,608.2,32.52,51.6,29.96,11,0
1999,6,1,16,0,595.8,32.79,50.46,29.99,8,0
1999,6,1,16,5,580.8,32.72,51.04,30.01,6,0
1999,6,1,16,10,564.2,32.65,51.55,,,
1999,6,1,16,15,549.2,32.48,51.74,30.04,7,0
1999,6,1,16,20,531.2,32.7,51.96,30.01,3,0
1999,6,1,16,25,516.5,32.77,51.98,30.03,0,0
1999,6,1,16,30,503.9,32.64,52.42,30.01,7,0
1999,6,1,16,35,487.1,32.68,54.7,30,3,0
1999,6,1,16,40,470.4,32.73,55.15,30.01,0,0
1999,6,1,16,45,456.5,32.74,54.69,30.04,0,0
1999,6,1,16,50,439.2,32.6,53.95,,0,
1999,6,1,16,55,419.8,32.28,55.4,,0,
1999,6,1,17,0,403.8,32.24,56.99,30.03,0,0
1999,6,1,17,5,386.9,32.35,57.32,,0,
1999,6,1,17,10,369.7,32.32,57.05,,0,
1999,6,1,17,15,355.9,32.32,57.07,30.05,3,0
1999,6,1,17,20,309.6,32.29,56.66,,3,
1999,6,1,17,25,301.8,32.12,56.77,30.04,6,0
1999,6,1,17,30,305.4,32.05,57.51,30.03,6,0
1999,6,1,17,35,288.1,32.09,56.67,30.03,9,0
1999,6,1,17,40,272.6,32.03,56.91,30.04,8,0
1999,6,1,17,45,259.1,31.81,57.25,30.01,8,0
1999,6,1,17,50,242.9,31.67,57.81,29.98,9,0
1999,6,1,17,55,226,31.79,57.74,29.96,8,0
1999,6,1,18,0,212.6,31.85,57.38,29.94,8,0
1999,6,1,18,5,198.9,31.71,58.22,29.93,7,0
1999,6,1,18,10,181.2,31.65,58.09,29.94,8,0
1999,6,1,18,15,165.9,31.43,58.49,29.93,6,0
1999,6,1,18,20,149.9,31.37,59.68,,14,
1999,6,1,18,25,133.1,31.33,60.05,,13,
1999,6,1,18,30,119.9,31.27,61.28,29.96,10,0
1999,6,1,18,35,106,31.16,62.35,29.98,5,0
1999,6,1,18,40,92.9,30.92,64.28,29.99,3,0
1999,6,1,18,45,79.5,30.72,65.52,30,0,0
1999,6,1,18,50,65.63,30.6,66.06,,,
1999,6,1,18,55,52.9,30.43,67.05,30.01,5,0
1999,6,1,19,0,41.26,30.27,67.61,29.98,3,0
1999,6,1,19,5,31.31,30.21,67.36,29.96,0,0
1999,6,1,19,10,23.06,30.16,67.47,29.96,0,0
1999,6,1,19,15,16.47,30.06,68.2,29.95,3,0
1999,6,1,19,20,11.17,29.77,69.35,,0,
1999,6,1,19,25,7.09,29.61,70.1,,0,
1999,6,1,19,30,4.07,29.54,70.2,29.95,0,0
1999,6,1,19,35,2.35,29.41,70.6,29.96,0,
1999,6,1,19,40,1.26,29.26,71.1,29.97,0,0
1999,6,1,19,45,0.55,29.21,71.2,,0,
1999,6,1,19,50,0.3,29.09,71.7,29.96,0,0
1999,6,1,19,55,0.26,29.02,71.6,,5,
1999,6,1,20,0,0.25,28.93,71.8,29.98,5,0
1999,6,1,20,5,0.22,28.8,72,,6,
1999,6,1,20,10,0.24,28.7,72.2,29.97,5,0
1999,6,1,20,15,0.27,28.63,72.6,,6,
1999,6,1,20,20,0.24,28.5,73.4,29.97,8,0
1999,6,1,20,25,0.25,28.36,73.9,29.96,6,0
1999,6,1,20,30,0.24,28.26,74.6,29.94,7,0
1999,6,1,20,35,0.24,28.13,75.1,29.91,5,0
1999,6,1,20,40,0.27,28.04,75.4,29.89,7,0
1999,6,1,20,45,0.25,27.95,75.7,29.86,3,0
1999,6,1,20,50,0.23,27.78,76.2,29.86,15,0
1999,6,1,20,55,0.24,27.68,77.1,29.86,16,0
1999,6,1,21,0,0.24,27.62,77.7,29.87,16,
1999,6,1,21,5,0.2,27.57,78.4,29.89,11,0
1999,6,1,21,10,0.2,27.45,79.1,29.88,17,0
1999,6,1,21,15,0.2,27.36,79.8,29.88,8,0
1999,6,1,21,20,0.2,27.23,80.5,29.88,9,0
1999,6,1,21,25,0.17,27.12,81.3,29.9,3,0
1999,6,1,21,30,0.2,27.07,81.5,29.9,3,0
1999,6,1,21,35,0.18,26.98,82.1,29.91,0,
1999,6,1,21,40,0.16,26.93,82.3,,,
1999,6,1,21,45,0.18,26.89,82.5,29.92,3,0
1999,6,1,21,50,0.19,26.79,83.1,29.9,0,0
1999,6,1,21,55,0.14,26.74,83.5,29.89,0,0
1999,6,1,22,0,0.1,26.66,83.6,29.89,0,0
1999,6,1,22,5,0.16,26.6,84.3,,0,
1999,6,1,22,10,0.11,26.51,84.3,29.89,0,0
1999,6,1,22,15,0.11,26.42,84.7,,0,
1999,6,1,22,20,0.11,26.35,84.9,,0,
1999,6,1,22,25,0.09,26.26,85.1,29.91,3,0
1999,6,1,22,30,0.12,26.23,85.5,29.92,5,0
1999,6,1,22,35,0.11,26.17,85.4,,3,
1999,6,1,22,40,0.13,26.08,85.7,,5,
1999,6,1,22,45,0.11,26.01,86.3,29.93,5,0
1999,6,1,22,50,0.13,25.97,86.5,,7,
1999,6,1,22,55,0.11,25.88,87.1,,7,0
1999,6,1,23,0,0.09,25.69,87.7,,9,
1999,6,1,23,5,0.1,25.53,88.6,29.93,6,0
1999,6,1,23,10,0.11,25.44,89.6,,8,
1999,6,1,23,15,0.06,25.36,89.9,29.91,13,0
1999,6,1,23,20,0.06,25.32,90.6,29.9,10,0
1999,6,1,23,25,0.05,25.33,90.8,29.87,9,0
1999,6,1,23,30,0.07,25.28,91.1,29.85,10,0
1999,6,1,23,35,0.07,25.2,91.3,29.83,16,0
1999,6,1,23,40,0.07,25.18,91.6,29.83,14,0
1999,6,1,23,45,0.04,25.18,91.8,29.82,13,0
1999,6,1,23,50,0.05,25.21,92,29.82,13,0
1999,6,1,23,55,0.07,25.16,92.1,29.84,5,0
1999,6,2,0,0,0.05,25.18,92,29.9,5,0
1999,6,2,0,5,0.08,25.2,92.4,29.88,7,0
1999,6,2,0,10,0.15,25.23,92.4,,,
1999,6,2,0,15,0.05,25.21,92.2,29.89,6,0
1999,6,2,0,20,0.08,25.22,92,29.88,5,0
1999,6,2,0,25,0.04,25.2,92.1,29.87,5,0
1999,6,2,0,30,0.04,25.19,91.8,29.87,3,0
1999,6,2,0,35,0.04,25.24,91.7,29.87,0,0
1999,6,2,0,40,0.06,25.26,91.6,,0,
1999,6,2,0,45,0.04,25.29,91.6,,5,
1999,6,2,0,50,0.04,25.31,91.5,29.88,0,0
1999,6,2,0,55,0.04,25.25,91.8,29.91,3,0
1999,6,2,1,0,0.04,25.23,91.8,,0,
1999,6,2,1,5,0.01,25.15,92.2,,0,
1999,6,2,1,10,0.04,25.11,92.6,,0,
1999,6,2,1,15,0.07,25.08,92.7,29.91,0,0
1999,6,2,1,20,0.04,25.14,92.6,,5,
1999,6,2,1,25,0.05,25.21,92,,5,
1999,6,2,1,30,0.05,25.23,91.2,,3,
1999,6,2,1,35,0.07,25.27,90.9,29.93,6,0
1999,6,2,1,40,0.03,25.32,90.6,,5,
1999,6,2,1,45,0.04,25.31,90.7,29.93,8,0
1999,6,2,1,50,0.03,25.26,90.7,29.93,8,0
1999,6,2,1,55,0.04,25.26,90.6,29.92,10,0
1999,6,2,2,0,0.02,25.29,90.9,29.9,13,
1999,6,2,2,5,0.04,25.29,90.2,29.92,6,0
1999,6,2,2,10,0.04,25.28,90.5,29.88,10,0
1999,6,2,2,15,0.04,25.28,90.9,29.86,11,0
1999,6,2,2,20,0.04,25.26,90.7,29.84,13,0
1999,6,2,2,25,0.04,25.2,91.3,29.81,10,0
1999,6,2,2,30,0.03,25.19,91.4,29.79,14,0
1999,6,2,2,35,0.09,25.17,92,29.82,10,0
1999,6,2,2,40,0.07,25.13,92.1,29.82,13,0
1999,6,2,2,45,0.03,25.13,92.3,29.83,8,0
1999,6,2,2,50,0.03,25.08,92.1,29.85,11,0
1999,6,2,2,55,0.04,25.08,92,29.88,7,0
1999,6,2,3,0,0.03,25.09,91.6,29.9,7,0
1999,6,2,3,5,0.02,25.13,91.7,,,
1999,6,2,3,10,0.07,25.07,91.5,29.91,6,0
1999,6,2,3,15,0.04,25.07,91.1,29.9,0,0
1999,6,2,3,20,0.04,25.12,91.2,,0,
1999,6,2,3,25,0.03,25.08,91.8,29.91,0,0
1999,6,2,3,30,0.04,25.03,92.2,,3,
1999,6,2,3,35,0.03,24.96,92.6,,3,
1999,6,2,3,40,0.04,24.89,93.4,29.9,0,0
1999,6,2,3,45,0.04,24.82,94.1,,3,
1999,6,2,3,50,0.03,24.74,94.2,,3,
1999,6,2,3,55,0.02,24.69,94.5,,0,
1999,6,2,4,0,0.03,24.66,94.6,29.91,0,0
1999,6,2,4,5,0.02,24.63,94.7,29.93,0,0
1999,6,2,4,10,0.02,24.6,95,29.96,5,0
1999,6,2,4,15,0.02,24.6,95.2,,3,
1999,6,2,4,20,0.02,24.57,95.2,29.95,6,0
1999,6,2,4,25,0.04,24.55,95.6,,0,
1999,6,2,4,30,0,24.51,95.5,,5,
1999,6,2,4,35,0.03,24.5,95.5,29.97,8,0
1999,6,2,4,40,0.02,24.48,95.5,,5,
1999,6,2,4,45,0.03,24.46,95.6,29.95,3,0
1999,6,2,4,50,0.01,24.42,95.8,,7,
1999,6,2,4,55,0.03,24.4,95.9,,7,
1999,6,2,5,0,0.02,24.41,95.9,29.93,7,0
1999,6,2,5,5,0.02,24.4,95.9,29.9,14,0
1999,6,2,5,10,0.07,24.39,95.8,29.91,13,0
1999,6,2,5,15,0.2,24.4,95.7,29.88,10,0
1999,6,2,5,20,0.54,24.42,95.4,29.87,9,0
1999,6,2,5,25,1.25,24.4,95.3,29.85,7,0
1999,6,2,5,30,2.91,24.39,95.6,29.84,7,0
1999,6,2,5,35,4.72,24.36,95.9,29.82,8,0
1999,6,2,5,40,7.24,24.39,96,29.84,7,0
1999,6,2,5,45,11.08,24.36,96,,18,
1999,6,2,5,50,14.37,24.37,96,29.84,21,0
1999,6,2,5,55,21.55,24.43,95.4,29.87,9,0
1999,6,2,6,0,32.94,24.48,94.8,29.89,9,0
1999,6,2,6,5,46.56,24.52,94.4,29.93,0,0
1999,6,2,6,10,62.3,24.49,94.4,29.93,3,0
1999,6,2,6,15,81.9,24.53,94.5,,,
1999,6,2,6,20,92.9,24.56,94,29.94,0,0
1999,6,2,6,25,88.4,24.63,93.7,,0,
1999,6,2,6,30,101.3,24.73,93.1,,0,
1999,6,2,6,35,153.8,24.85,92.5,,0,
1999,6,2,6,40,147.5,24.99,92.1,29.93,0,
1999,6,2,6,45,163.8,25.05,91.7,,0,0
1999,6,2,6,50,164.6,25.2,90.8,,0,
1999,6,2,6,55,130.9,25.23,90.1,29.92,0,0
1999,6,2,7,0,118.3,25.21,90,29.91,0,0
1999,6,2,7,5,149.4,25.09,89.7,,0,
1999,6,2,7,10,189.3,25.11,90.1,,0,
1999,6,2,7,15,84.9,25.18,89.7,29.92,0,0
1999,6,2,7,20,98.7,25.19,89.3,,0,
1999,6,2,7,25,125.4,25.22,89,29.94,0,0
1999,6,2,7,30,128.1,25.26,88.7,,0,
1999,6,2,7,35,139.4,25.26,88.7,29.95,0,0
1999,6,2,7,40,234.4,25.22,88.2,29.95,6,0
1999,6,2,7,45,211.3,25.24,87.7,,7,
1999,6,2,7,50,271.3,25.25,87.8,,9,
1999,6,2,7,55,262.2,25.29,87.1,29.95,7,
1999,6,2,8,0,286.4,25.43,86.3,,9,T
1999,6,2,8,5,314.2,25.57,85.5,29.94,14,0
1999,6,2,8,10,348.2,25.65,85,29.96,10,0
1999,6,2,8,15,318.2,25.74,84.2,29.97,8,0
1999,6,2,8,20,444,25.83,83.9,29.97,8,0
1999,6,2,8,25,271.6,25.91,83.2,29.94,3,0
1999,6,2,8,30,240.7,25.85,83.6,29.92,5,0
1999,6,2,8,35,281.4,25.88,83.6,29.88,3,0
1999,6,2,8,40,642,26.03,82.9,29.85,3,0
1999,6,2,8,45,379,26.49,80.8,29.85,9,0
1999,6,2,8,50,244.9,26.43,80.3,29.9,17,0
1999,6,2,8,55,250.4,26.29,80.7,,18,
1999,6,2,9,0,161,26.32,81,,13,
1999,6,2,9,5,296.4,26.35,80.5,,11,
1999,6,2,9,10,238.2,26.46,79.6,,6,
1999,6,2,9,15,206.5,26.6,79.1,29.95,3,0
1999,6,2,9,20,287.8,26.66,77.5,29.94,3,0
1999,6,2,9,25,286.5,26.72,75.8,29.96,3,0
1999,6,2,9,30,522.6,26.76,76.9,,5,
1999,6,2,9,35,573.5,26.98,75.6,29.96,5,0
1999,6,2,9,40,530.4,27.13,74.9,,5,
1999,6,2,9,45,798,27.47,71.5,,,
1999,6,2,9,50,776,27.8,69.57,29.95,5,0
1999,6,2,9,55,814,28.04,68.56,,0,
1999,6,2,10,0,958,28.39,67.46,29.96,5,0
1999,6,2,10,5,849,28.56,66.18,29.96,3,0
1999,6,2,10,10,869,28.48,65.88,29.96,3,0
1999,6,2,10,15,758,28.49,66.69,,3,
1999,6,2,10,20,659.3,28.52,63.79,,3,
1999,6,2,10,25,863,28.6,62.96,29.94,0,0
1999,6,2,10,30,590.2,28.64,64.69,29.93,5,0
1999,6,2,10,35,647.2,28.77,64.06,29.95,3,0
1999,6,2,10,40,747,28.86,63.08,29.93,5,0
1999,6,2,10,45,748,29.13,61.58,29.94,7,0
1999,6,2,10,50,583.2,29.07,62.09,29.96,3,0
1999,6,2,10,55,832,28.98,62.39,29.98,0,0
1999,6,2,11,0,958,29.18,61.78,29.97,7,0
1999,6,2,11,5,688.9,29.21,62.26,29.96,6,
1999,6,2,11,10,934,29.07,62.77,29.98,0,0
1999,6,2,11,15,581.7,29.24,62.62,29.96,6,
1999,6,2,11,20,981,29.31,62.21,29.92,13,0
1999,6,2,11,25,775,29.47,61.61,29.94,0,
1999,6,2,11,30,606.6,29.43,61.29,,10,
1999,6,2,11,35,787,29.44,62.28,,8,
1999,6,2,11,40,1011,29.64,60.97,,5,0.07
1999,6,2,11,45,846,29.62,59.97,29.95,10,
1999,6,2,11,50,509.8,29.78,59.85,29.96,0,
1999,6,2,11,55,744,29.9,60.02,29.97,8,T
1999,6,2,12,0,718,30.1,58.53,29.98,8,0
1999,6,2,12,5,784,30.28,57.75,29.95,11,
1999,6,2,12,10,711,30.29,59.24,29.97,6,0
1999,6,2,12,15,902,30.18,59.02,29.98,3,0
1999,6,2,12,20,921,30.41,58.04,29.98,3,0
1999,6,2,12,25,860,30.34,56.44,30.02,3,0
1999,6,2,12,30,637.6,30.15,57.03,,,
1999,6,2,12,35,928,30.04,57.26,30.03,0,0
1999,6,2,12,40,786,30.25,57.5,30.03,0,0
1999,6,2,12,45,918,30.43,56.07,30.01,0,0
1999,6,2,12,50,974,30.57,56.51,30.01,0,0
1999,6,2,12,55,822,30.66,55.71,30.01,0,0
1999,6,2,13,0,850,30.26,57.01,30.02,0,0
1999,6,2,13,5,852,30.23,57.78,30.04,6,0
1999,6,2,13,10,936,30.59,57.6,30.03,7,0
1999,6,2,13,15,907,30.96,55.27,,8,
1999,6,2,13,20,903,30.82,55.38,30.05,8,0
1999,6,2,13,25,594.9,30.83,55.98,,7,
1999,6,2,13,30,803,30.61,56.26,30.05,8,0
1999,6,2,13,35,631.8,30.56,57,30.04,7,0
1999,6,2,13,40,809,30.79,56.14,,10,
1999,6,2,13,45,863,30.95,56.25,30.04,10,0
1999,6,2,13,50,860,31.24,54.6,30.03,11,0
1999,6,2,13,55,767,31.28,54.18,30,13,0.05
1999,6,2,14,0,737,30.9,54.7,29.98,10,T
1999,6,2,14,5,679.9,30.89,53.68,29.96,10,0
1999,6,2,14,10,758,30.68,55.44,29.95,16,0
1999,6,2,14,15,748,30.75,56.39,29.94,11,0
1999,6,2,14,20,614.1,30.83,56.07,29.96,9,0
1999,6,2,14,25,701,30.82,55.44,29.95,10,0
1999,6,2,14,30,718,30.91,55.19,29.96,7,0
1999,6,2,14,35,779,31,54,29.99,5,0
1999,6,2,14,40,525.2,31.1,55.42,30.01,0,0
1999,6,2,14,45,500.7,31.18,55.24,30.01,0,0
1999,6,2,14,50,646.7,31.16,55.43,,,
1999,6,2,14,55,655.9,31.03,54.29,30.02,3,0
1999,6,2,15,0,551.9,30.85,54.99,30,0,0
1999,6,2,15,5,460.6,30.84,56.1,29.99,6,0
1999,6,2,15,10,330.5,31.02,55.97,29.97,8,0
1999,6,2,15,15,325,30.78,55.59,29.96,10,0
1999,6,2,15,20,348.6,30.74,56.25,29.96,13,0
1999,6,2,15,25,404.3,30.74,56.66,29.99,11,0
1999,6,2,15,30,396,30.8,57.5,29.98,9,0
1999,6,2,15,35,379.9,30.82,57.35,29.99,10,0
1999,6,2,15,40,366.7,30.74,57.44,29.99,9,0
1999,6,2,15,45,386.7,30.76,56.78,30,6,0
1999,6,2,15,50,397,30.57,57.06,30,7,0
1999,6,2,15,55,328.1,30.63,56.9,,5,
1999,6,2,16,0,369.3,30.56,57.13,29.98,3,0
1999,6,2,16,5,382.8,30.71,56.66,29.96,3,0
1999,6,2,16,10,345.4,30.72,56.64,,0,
1999,6,2,16,15,306.3,30.73,56.74,29.93,5,0
1999,6,2,16,20,286.7,30.7,57.13,29.91,5,0
1999,6,2,16,25,272.1,30.63,57.38,29.88,7,0
1999,6,2,16,30,261.3,30.62,55.82,29.88,10,0
1999,6,2,16,35,254.1,30.59,56.4,,9,
1999,6,2,16,40,255.7,30.59,56.32,,13,
1999,6,2,16,45,266.9,30.7,56.56,29.92,5,0.76
1999,6,2,16,50,257.6,30.71,57.13,,10,
1999,6,2,16,55,221.4,30.79,57.94,,9,
1999,6,2,17,0,200.3,30.67,57.65,,8,
1999,6,2,17,5,176.3,30.55,58.38,29.91,7,0.07
1999,6,2,17,10,163.8,30.4,58.54,29.91,17,
1999,6,2,17,15,163.6,30.3,59.25,29.93,3,0.03
1999,6,2,17,20,161.8,30.23,59.99,29.92,0,0.02
1999,6,2,17,25,157.8,30.19,60.77,29.94,0,T
1999,6,2,17,30,153,30.21,60.95,29.96,5,0
1999,6,2,17,35,145.6,30.07,61.85,,,
1999,6,2,17,40,138.4,30.01,61.69,29.97,5,0
1999,6,2,17,45,137.3,29.94,62.01,29.97,0,0
1999,6,2,17,50,138,29.86,62.77,,3,
1999,6,2,17,55,131.5,29.84,63.48,29.95,5,0
1999,6,2,18,0,122.4,29.81,63.49,,5,
1999,6,2,18,5,114.7,29.8,64.04,29.93,3,0
1999,6,2,18,10,104,29.78,63.47,29.91,0,0
1999,6,2,18,15,89.9,29.74,63.77,,0,
1999,6,2,18,20,77.1,29.69,63.95,29.93,3,0
1999,6,2,18,25,67.33,29.65,64.2,,0,
1999,6,2,18,30,62.37,29.63,64.76,29.96,5,0
1999,6,2,18,35,64.96,29.61,64.5,,5,
1999,6,2,18,40,75.3,29.57,64.53,29.96,5,0
1999,6,2,18,45,71.3,29.5,64.13,,7,
1999,6,2,18,50,60.68,29.41,64.16,29.97,7,0
1999,6,2,18,55,43.72,29.3,64.7,,8,
1999,6,2,19,0,45.53,29.23,65.34,,7,
1999,6,2,19,5,48.63,29.2,65.81,29.99,8,0
1999,6,2,19,10,36.3,29.09,65.99,,6,
1999,6,2,19,15,25.42,28.96,66.41,29.98,6,0
1999,6,2,19,20,17.96,28.81,67.15,29.96,7,0
1999,6,2,19,25,11.78,28.72,67.9,29.96,6,0
1999,6,2,19,30,5.28,28.61,68.37,29.93,8,0
1999,6,2,19,35,2.27,28.53,68.8,29.91,7,0
1999,6,2,19,40,1.03,28.42,69.3,29.88,10,0
1999,6,2,19,45,0.53,28.31,69.91,29.88,6,0
1999,6,2,19,50,0.39,28.25,70.2,29.87,10,0
1999,6,2,19,55,0.28,28.16,70.5,29.9,7,0
1999,6,2,20,0,0.24,28.06,70.3,29.89,8,0
1999,6,2,20,5,0.24,27.95,70.4,29.9,7,0
1999,6,2,20,10,0.19,27.86,70.6,29.91,0,0
1999,6,2,20,15,0.23,27.78,70.4,29.95,0,0
1999,6,2,20,20,0.2,27.7,70.6,29.96,7,0
1999,6,2,20,25,0.18,27.62,70.7,,,
1999,6,2,20,30,0.17,27.53,71.1,29.98,6,0
1999,6,2,20,35,0.21,27.45,71.4,29.98,0,0
1999,6,2,20,40,0.21,27.35,71.6,29.99,3,0
1999,6,2,20,45,0.19,27.27,71.9,30.01,6,0
1999,6,2,20,50,0.17,27.16,72.1,30.01,3,0
1999,6,2,20,55,0.12,27.06,72.6,30.01,0,0
1999,6,2,21,0,0.15,26.98,72.9,30.04,7,0
1999,6,2,21,5,0.16,26.91,73.3,30.06,18,0
1999,6,2,21,10,0.17,26.89,73.7,30.08,18,0
1999,6,2,21,15,0.15,26.83,74.2,,18,
1999,6,2,21,20,0.11,26.76,75,30.1,17,0
1999,6,2,21,25,0.15,26.66,75.3,,15,
1999,6,2,21,30,0.13,26.59,76,30.11,16,0
1999,6,2,21,35,0.18,26.55,76.6,30.1,14,0
1999,6,2,21,40,0.12,26.46,77.1,30.11,11,0
1999,6,2,21,45,0.09,26.39,77.6,30.06,11,0
1999,6,2,21,50,0.07,26.34,78.2,30.05,15,0
1999,6,2,21,55,0.14,26.27,78.9,,14,
1999,6,2,22,0,0.09,26.18,79.3,30.04,14,0
1999,6,2,22,5,0.09,26.05,79.9,30.03,14,0
1999,6,2,22,10,0.07,25.96,80.5,30.04,10,0
1999,6,2,22,15,0.11,25.83,81.4,30.03,13,0
1999,6,2,22,20,0.07,25.73,82,30.04,13,0
1999,6,2,22,25,0.14,25.67,82.6,30.06,11,0
1999,6,2,22,30,0.07,25.58,83.1,30.07,9,0
1999,6,2,22,35,0.09,25.49,83.6,30.07,10,0
1999,6,2,22,40,0.11,25.39,84.1,,,
1999,6,2,22,45,0.08,25.29,84.7,30.09,8,0
1999,6,2,22,50,0.08,25.17,85.1,30.08,6,0
1999,6,2,22,55,0.09,25.08,85.2,30.08,3,0
1999,6,2,23,0,0.1,25.01,85.4,30.07,6,0
1999,6,2,23,5,0.04,25,85.5,30.07,7,0
1999,6,2,23,10,0.07,24.94,85.9,30.08,8,0
1999,6,2,23,15,0.03,24.88,86.3,,6,
1999,6,2,23,20,0.07,24.84,86.9,30.11,6,0
1999,6,2,23,25,0.09,24.75,87.4,30.1,8,0
1999,6,2,23,30,0.02,24.68,87.6,,7,
1999,6,2,23,35,0.04,24.6,88.6,30.11,8,0
1999,6,2,23,40,0.02,24.53,89.2,30.1,6,0
1999,6,2,23,45,0.04,24.4,90,30.09,6,0
1999,6,2,23,50,0.01,24.22,91.1,30.08,5,0
1999,6,2,23,55,0.03,24.11,91.6,30.06,3,
1999,6,3,0,0,0.01,24.04,92.1,30.08,8,0
1999,6,3,0,5,0.03,24,92.4,30.04,6,0
1999,6,3,0,10,0.01,23.96,92.6,30.03,8,0
1999,6,3,0,15,0.01,23.9,92.9,30.01,6,0
1999,6,3,0,20,0,23.87,93.1,29.99,9,0
1999,6,3,0,25,0.02,23.85,93.2,29.97,9,0
1999,6,3,0,30,0.01,23.83,93.3,29.97,7,
1999,6,3,0,35,0.02,23.77,93.4,29.99,8,0
1999,6,3,0,40,0.01,23.76,93.5,29.97,8,0
1999,6,3,0,45,0.01,23.77,93.9,29.98,6,0
1999,6,3,0,50,0.01,23.78,93.9,29.99,5,0
1999,6,3,0,55,0.02,23.76,94.1,30.01,5,0
1999,6,3,1,0,0,23.75,94.3,30.02,7,0
1999,6,3,1,5,0.01,23.76,94.5,,,
1999,6,3,1,10,0,23.78,94.7,30.03,3,0
1999,6,3,1,15,0.02,23.79,94.7,30.01,3,0
1999,6,3,1,20,0,23.79,94.6,30,0,0
1999,6,3,1,25,0.01,23.81,94.9,29.99,0,0
1999,6,3,1,30,0,23.86,94.9,29.99,0,0
1999,6,3,1,35,0.01,23.81,94.9,,0,
1999,6,3,1,40,0,23.82,95,29.99,0,0
1999,6,3,1,45,0.01,23.8,95.1,,0,
1999,6,3,1,50,0,23.81,95.2,,0,
1999,6,3,1,55,0,23.8,95.2,30.01,0,0
1999,6,3,2,0,0,23.84,95.2,30.01,0,0
1999,6,3,2,5,0,23.83,95.3,30.01,0,0
1999,6,3,2,10,0,23.84,95.7,,6,
1999,6,3,2,15,0,23.83,95.7,30.01,8,0
1999,6,3,2,20,0,23.8,95.7,,9,
1999,6,3,2,25,0,23.84,95.7,30.01,7,0
1999,6,3,2,30,0.02,23.87,95.6,,6,
1999,6,3,2,35,0.02,23.89,95.5,,8,
1999,6,3,2,40,0,23.94,95.2,29.99,7,0
1999,6,3,2,45,0,23.99,94.7,30,7,0
1999,6,3,2,50,0.02,24.04,94.1,29.96,5,0
1999,6,3,2,55,0.01,24.07,93.9,29.94,5,0
1999,6,3,3,0,0.02,24.11,93.7,29.93,9,0
1999,6,3,3,5,0.01,24.14,93.3,29.91,13,0
1999,6,3,3,10,0.01,24.17,92.7,29.91,13,0
1999,6,3,3,15,0.01,24.2,92.3,,6,
1999,6,3,3,20,0.01,24.19,92.5,,19,
1999,6,3,3,25,0.01,24.17,92.5,29.96,21,0.13
1999,6,3,3,30,0,24.2,92.5,,5,
1999,6,3,3,35,0.01,24.17,93.2,29.94,6,0.97
1999,6,3,3,40,0,24.15,93.2,29.94,8,0.01
1999,6,3,3,45,0,24.18,93.3,29.95,5,0
1999,6,3,3,50,0,24.17,93.3,29.97,0,0
1999,6,3,3,55,0.02,24.14,93.5,29.96,3,0
1999,6,3,4,0,0,24.14,93.6,,0,
1999,6,3,4,5,0.01,24.11,93.4,,,
1999,6,3,4,10,0.01,24.14,93.5,29.97,3,0
1999,6,3,4,15,0.01,24.18,93.7,29.96,0,0
1999,6,3,4,20,0,24.21,93.3,,0,
1999,6,3,4,25,0,24.19,93.4,29.96,0,
1999,6,3,4,30,0,24.16,93.2,,0,0
1999,6,3,4,35,0,24.14,93.5,,3,
1999,6,3,4,40,0,24.09,93.9,,0,
1999,6,3,4,45,0,24.1,94.3,29.96,5,0
1999,6,3,4,50,0,24.13,94.3,,6,
1999,6,3,4,55,0.02,24.16,94.6,,6,
1999,6,3,5,0,0,24.15,94.4,,6,
1999,6,3,5,5,0,24.14,94.2,29.94,6,0
1999,6,3,5,10,0.03,24.19,94.1,,5,
1999,6,3,5,15,0.1,24.26,93.7,29.95,6,0
1999,6,3,5,20,0.22,24.26,93.2,,6,
1999,6,3,5,25,0.77,24.29,93,,7,
1999,6,3,5,30,1.5,24.28,93.1,29.97,6,0
1999,6,3,5,35,2.8,24.23,93.1,,6,
1999,6,3,5,40,6.53,24.19,93.2,29.97,8,
1999,6,3,5,45,9.38,24.19,93.3,,7,0
1999,6,3,5,50,12.23,24.19,93.2,29.98,6,0
1999,6,3,5,55,13.72,24.22,93.1,,5,
1999,6,3,6,0,12.69,24.24,92.9,30,6,0.02
1999,6,3,6,5,19.12,24.24,92.8,30.01,0,0.03
1999,6,3,6,10,16.69,24.23,92.7,,0,0.02
1999,6,3,6,15,16,24.26,92.9,,0,
1999,6,3,6,20,18.88,24.26,93,30.01,7,0.1
1999,6,3,6,25,22.33,24.22,93.3,,7,0.04
1999,6,3,6,30,21.81,24.24,93.1,,5,
1999,6,3,6,35,26.2,24.27,92.9,,3,
1999,6,3,6,40,40.53,24.28,93,30.01,3,0.11
1999,6,3,6,45,60.62,24.33,92.7,,8,
1999,6,3,6,50,68.4,24.37,93,,9,
1999,6,3,6,55,63.82,24.37,92.8,,6,
1999,6,3,7,0,58.56,24.37,93.1,30,6,0.3
1999,6,3,7,5,65.5,24.39,93.6,,7,0.03
1999,6,3,7,10,72,24.43,93.5,,3,
1999,6,3,7,15,101.2,24.47,93.5,,5,
1999,6,3,7,20,134.1,24.54,93.2,29.98,5,
1999,6,3,7,25,78.9,24.59,92.7,,3,
1999,6,3,7,30,122.3,24.59,92.6,,3,
1999,6,3,7,35,155.3,24.68,92.3,,0,
1999,6,3,7,40,144.8,24.76,92.1,29.97,0,0.01
1999,6,3,7,45,164.2,24.82,91.2,29.97,0,
1999,6,3,7,50,180.7,24.87,90.5,,9,
1999,6,3,7,55,147.3,25,89.4,,3,
1999,6,3,8,0,158.2,25.11,88.3,,5,0.04
1999,6,3,8,5,134.8,25.2,87.8,29.98,6,
1999,6,3,8,10,147.7,25.26,87.9,29.98,0,0.04
1999,6,3,8,15,160.4,25.34,87.7,,5,
1999,6,3,8,20,373.6,25.42,86.4,29.97,5,0.01
1999,6,3,8,25,372.2,25.6,85.3,29.96,0,0
1999,6,3,8,30,480.5,25.71,84.1,29.97,0,0
1999,6,3,8,35,361.7,25.89,82.9,29.98,0,0
1999,6,3,8,40,437,26.01,82.4,30,0,0
1999,6,3,8,45,268.1,26.27,81.1,,,
1999,6,3,8,50,301.4,26.17,81,30.01,3,0
1999,6,3,8,55,320.6,26.12,81.2,,3,
1999,6,3,9,0,287.6,26.21,80.5,29.99,5,0
1999,6,3,9,5,538.9,26.28,80.4,29.97,6,0
1999,6,3,9,10,422.6,26.58,79.5,29.96,0,0
1999,6,3,9,15,186,26.61,79.4,,0,
1999,6,3,9,20,349.3,26.49,79.3,,0,
1999,6,3,9,25,285.3,26.49,79.4,29.96,0,0
1999,6,3,9,30,280.6,26.59,78.1,,0,
1999,6,3,9,35,249.7,26.57,77.7,,0,
1999,6,3,9,40,246.1,26.57,78.2,29.97,0,
1999,6,3,9,45,500.5,26.69,78.1,,0,0
1999,6,3,9,50,776,27.07,76.4,,0,
1999,6,3,9,55,431.7,27.28,75,30.01,0,0.01
1999,6,3,10,0,689,27.28,74.9,30,0,0.01
1999,6,3,10,5,665.8,27.55,74,,0,
1999,6,3,10,10,311,27.8,71.1,30.01,0,0
1999,6,3,10,15,520,27.69,71.6,,0,
1999,6,3,10,20,900,27.96,70.8,,3,
1999,6,3,10,25,255,28.19,68.57,30,5,0.01s
1999,6,3,10,30,276.4,27.98,68.52,29.99,5,T
1999,6,3,10,35,326.1,27.89,68.93,,6,
1999,6,3,10,40,409.7,27.86,68.99,29.98,7,0.01
1999,6,3,10,45,503.3,27.82,69.4,29.99,7,0
1999,6,3,10,50,807,27.99,68.07,,9,
1999,6,3,10,55,868,28.29,67.33,29.96,10,0
1999,6,3,11,0,888,28.54,66.72,,16,
1999,6,3,11,5,957,28.89,64.12,,14,
1999,6,3,11,10,924,29.1,62.92,,9,
1999,6,3,11,15,994,29.08,62.74,29.94,6,0.01
1999,6,3,11,20,711,29.42,62.62,29.96,18,
1999,6,3,11,25,567.1,29.38,63.21,29.95,5,0
1999,6,3,11,30,290.4,29.35,63.08,,3,
1999,6,3,11,35,834,29.12,63.82,29.94,8,T
1999,6,3,11,40,913,29.08,63.67,29.92,6,T
1999,6,3,11,45,978,29.52,61.86,29.93,5,0
1999,6,3,11,50,873,29.52,60.37,,3,
1999,6,3,11,55,832,29.76,59.71,29.94,5,0
1999,6,3,12,0,919,29.8,59.39,29.93,6,0
1999,6,3,12,5,879,29.86,59.01,29.95,0,0
1999,6,3,12,10,707,29.94,59.02,29.95,5,0
1999,6,3,12,15,816,30.07,58.85,,,
1999,6,3,12,20,430.9,30.19,58.83,29.95,3,0
1999,6,3,12,25,400.8,30.02,59.56,29.93,0,0
1999,6,3,12,30,886,30.08,59.38,29.92,0,0
1999,6,3,12,35,988,30.29,58.67,29.91,0,0
1999,6,3,12,40,638.2,30.45,58.78,29.91,3,0
1999,6,3,12,45,748,30.63,57.87,,0,
1999,6,3,12,50,662.8,30.68,57.16,29.92,0,0.01
1999,6,3,12,55,758,30.3,57.25,29.93,3,0
1999,6,3,13,0,979,30.32,56.87,29.94,3,0
1999,6,3,13,5,651.1,30.65,54.86,,7,
1999,6,3,13,10,697.9,30.8,55.79,29.95,8,0
1999,6,3,13,15,587.2,30.82,55.26,,7,
1999,6,3,13,20,829,30.52,56.5,,7,
1999,6,3,13,25,335.3,30.64,57.17,,11,
1999,6,3,13,30,605,30.61,57.35,29.94,10,T
1999,6,3,13,35,1003,30.67,57.07,29.92,13,0
1999,6,3,13,40,694.9,31.14,55.31,29.93,11,T
1999,6,3,13,45,464,31.29,55.72,,8,
1999,6,3,13,50,712,30.81,57.82,29.9,3,0.04
1999,6,3,13,55,947,31.1,56.75,,7,
1999,6,3,14,0,416.4,31.18,55.97,29.88,11,0.01
1999,6,3,14,5,524.2,31.06,55.08,29.9,3,
1999,6,3,14,10,896,31.2,54.42,,33,
1999,6,3,14,15,754,31.41,54.16,,28,
1999,6,3,14,20,753,31.35,54.52,,21,
1999,6,3,14,25,869,31.19,54.33,,16,
1999,6,3,14,30,471.2,31.18,55.57,29.89,10,0.09
1999,6,3,14,35,720,30.97,57,29.85,7,T
1999,6,3,14,40,885,31.26,55.76,,10,
1999,6,3,14,45,832,31.6,54.89,29.84,14,0
1999,6,3,14,50,843,31.65,54.38,29.86,8,0
1999,6,3,14,55,223.9,31.28,57.09,29.84,10,0
1999,6,3,15,0,613.3,30.92,58.98,29.85,7,0
1999,6,3,15,5,791,30.99,58.41,29.86,6,0
1999,6,3,15,10,763,31.37,57.71,29.88,5,0
1999,6,3,15,15,742,31.68,56.41,29.88,8,0
1999,6,3,15,20,534.4,31.46,57.77,,7,
1999,6,3,15,25,516.7,31.07,57.58,,,
1999,6,3,15,30,497.6,30.97,58.4,29.9,5,0
1999,6,3,15,35,239.1,30.85,57.72,,5,
1999,6,3,15,40,635.3,30.7,57.68,29.88,9,0
1999,6,3,15,45,596.8,31.14,55.72,,11,
1999,6,3,15,50,664.1,31.17,54.31,,13,
1999,6,3,15,55,621.7,31.46,53.4,29.86,13,0
1999,6,3,16,0,543.4,31.57,52.87,,9,
1999,6,3,16,5,595.8,31.51,52.66,29.86,9,0
1999,6,3,16,10,548.5,31.38,52.41,29.86,9,0
1999,6,3,16,15,502,31.5,50.46,29.86,7,0
1999,6,3,16,20,538.9,31.51,50.3,,6,
1999,6,3,16,25,521.9,31.6,50.04,29.88,6,0
1999,6,3,16,30,498.3,31.55,50,29.88,10,0
1999,6,3,16,35,448.5,31.36,51.76,,9,
1999,6,3,16,40,319.2,31.36,52.55,29.89,11,0
1999,6,3,16,45,449.1,31.32,51.5,29.89,13,0
1999,6,3,16,50,291.5,31.26,51.02,29.88,11,0
1999,6,3,16,55,402.5,31.26,50.86,29.88,13,0
1999,6,3,17,0,416.5,31.42,50.46,29.85,11,0
1999,6,3,17,5,397.7,31.55,49.63,29.83,15,0
1999,6,3,17,10,373.4,31.57,49.03,29.81,14,0
1999,6,3,17,15,361.1,31.47,49.25,29.8,14,0
1999,6,3,17,20,345.9,31.42,46.38,29.79,14,0
1999,6,3,17,25,328.7,31.34,47.44,29.82,13,0
1999,6,3,17,30,309.9,31.32,49.45,29.81,15,0
1999,6,3,17,35,294.6,31.24,51.18,29.82,8,0
1999,6,3,17,40,283.4,31.24,50.35,29.83,8,0
1999,6,3,17,45,273.6,31.23,49.99,29.85,10,0
1999,6,3,17,50,259.7,31.24,49.26,29.87,9,0
1999,6,3,17,55,209.8,31.33,49.06,,6,
1999,6,3,18,0,122.2,31.26,49.66,,,
1999,6,3,18,5,106.8,30.97,50.65,29.88,6,0
1999,6,3,18,10,168.6,30.9,51.21,29.85,7,0
1999,6,3,18,15,168.2,30.87,52.37,,8,
1999,6,3,18,20,168.7,30.88,52.51,29.85,6,0
1999,6,3,18,25,158.5,30.87,52.81,29.84,7,0
1999,6,3,18,30,140.3,30.84,53.6,29.84,8,0
1999,6,3,18,35,124.3,30.84,54.84,29.85,5,0
1999,6,3,18,40,105.7,30.71,55.1,,5,
1999,6,3,18,45,93.1,30.5,56.17,29.88,5,0
1999,6,3,18,50,77.8,30.38,57.47,,5,
1999,6,3,18,55,62.35,30.26,59.22,29.89,6,0
1999,6,3,19,0,49.17,30.03,61.03,,6,
1999,6,3,19,5,35.01,29.85,62.69,,6,
1999,6,3,19,10,16.6,29.65,63.67,29.9,7,0
1999,6,3,19,15,11.66,29.53,64.76,,10,
1999,6,3,19,20,8.05,29.38,65.18,29.91,9,0
1999,6,3,19,25,5.73,29.24,65.6,29.9,10,0
1999,6,3,19,30,3.28,29.12,66.19,29.89,11,0
1999,6,3,19,35,1.8,28.99,66.45,29.88,9,0
1999,6,3,19,40,1.16,28.85,67.08,29.85,6,0
1999,6,3,19,45,0.57,28.77,67.56,29.85,21,0
1999,6,3,19,50,0.42,28.68,67.85,29.85,16,T
1999,6,3,19,55,0.29,28.59,68.34,29.83,6,
1999,6,3,20,0,0.34,28.49,68.85,29.82,9,
1999,6,3,20,5,0.25,28.39,69.48,29.83,8,0
1999,6,3,20,10,0.27,28.29,70.1,29.81,9,0
1999,6,3,20,15,0.24,28.2,70.5,29.81,9,
1999,6,3,20,20,0.24,28.13,70.8,29.82,6,0
1999,6,3,20,25,0.23,28.05,70.9,29.83,5,0
1999,6,3,20,30,0.27,27.97,71,29.83,3,0
1999,6,3,20,35,0.24,27.9,71.3,29.81,7,0
1999,6,3,20,40,0.23,27.79,71.3,,,
1999,6,3,20,45,0.21,27.67,71.4,29.85,0,0
1999,6,3,20,50,0.19,27.59,71.1,,3,
1999,6,3,20,55,0.22,27.46,70.8,29.84,3,0
1999,6,3,21,0,0.17,27.37,70.8,29.82,0,0
1999,6,3,21,5,0.2,27.29,70.4,29.8,0,T
1999,6,3,21,10,0.17,27.21,69.96,,0,
1999,6,3,21,15,0.2,27.12,70.2,29.78,0,0.01
1999,6,3,21,20,0.18,26.99,71.1,29.78,0,T
1999,6,3,21,25,0.15,26.84,71.8,,0,
1999,6,3,21,30,0.15,26.72,72.9,29.8,0,T
1999,6,3,21,35,0.15,26.62,73.8,,0,
1999,6,3,21,40,0.11,26.49,74.8,29.81,0,0
1999,6,3,21,45,0.14,26.39,75.8,,0,
1999,6,3,21,50,0.13,26.32,76.6,,5,0
1999,6,3,21,55,0.11,26.26,77.4,29.83,3,0
1999,6,3,22,0,0.1,26.13,77.9,,5,
1999,6,3,22,5,0.1,26.02,78.6,,3,0.07
1999,6,3,22,10,0.11,25.88,79.1,,3,0.12
1999,6,3,22,15,0.11,25.78,79.7,,8,
1999,6,3,22,20,0.07,25.7,80.3,29.84,5,0.03
1999,6,3,22,25,0.09,25.67,80.8,,5,
1999,6,3,22,30,0.09,25.59,81.2,,9,
1999,6,3,22,35,0.09,25.48,82.1,29.82,5,
1999,6,3,22,40,0.07,25.47,82.5,,8,T
1999,6,3,22,45,0.09,25.46,83.1,29.81,9,
1999,6,3,22,50,0.06,25.43,83.4,29.78,0,
1999,6,3,22,55,0.05,25.38,83.8,29.77,6,
1999,6,3,23,0,0.05,25.32,84.3,29.77,15,0.02
1999,6,3,23,5,0.09,25.25,85,29.77,10,
1999,6,3,23,10,0.04,25.16,85.5,29.78,9,0
1999,6,3,23,15,0.06,25.08,86,29.78,16,0
1999,6,3,23,20,0.02,25.04,86.5,,10,
1999,6,3,23,25,0.06,24.98,87,29.79,5,0
1999,6,3,23,30,0.02,24.93,87.7,,5,
1999,6,3,23,35,0.05,24.89,88.1,29.78,3,0
1999,6,3,23,40,0.03,24.84,88.5,,3,
1999,6,3,23,45,0.05,24.79,88.9,29.79,9,0
1999,6,3,23,50,0.04,24.71,89.2,,,
1999,6,3,23,55,0.03,24.64,89.8,29.81,5,0
1999,6,4,0,0,0.01,24.58,90.6,,5,
1999,6,4,0,5,0.01,24.51,91.1,29.79,3,0
1999,6,4,0,10,0.04,24.46,91.7,,6,
1999,6,4,0,15,0.03,24.42,92,29.78,7,0
1999,6,4,0,20,0.02,24.36,92.5,29.78,3,0
1999,6,4,0,25,0.03,24.34,93,,3,
1999,6,4,0,30,0,24.34,93.3,29.79,3,0
1999,6,4,0,35,0.02,24.33,93.4,29.8,0,0
1999,6,4,0,40,0.02,24.34,93.8,29.83,3,0
1999,6,4,0,45,0.01,24.31,94.1,29.82,3,0
1999,6,4,0,50,0.02,24.3,94.3,29.83,10,0
1999,6,4,0,55,0.03,24.3,94.5,,10,
1999,6,4,1,0,0.03,24.27,94.7,,14,
1999,6,4,1,5,0.02,24.29,94.9,,11,
1999,6,4,1,10,0.03,24.25,94.8,29.83,10,0
1999,6,4,1,15,0.03,24.2,95.1,29.82,16,0
1999,6,4,1,20,0.03,24.15,95.4,29.82,16,0
1999,6,4,1,25,0.01,24.13,95.5,29.84,8,0
1999,6,4,1,30,0,24.13,95.7,29.8,10,0
1999,6,4,1,35,0.02,24.16,95.5,29.79,11,0
1999,6,4,1,40,0.02,24.16,95.4,29.78,10,0
1999,6,4,1,45,0.01,24.16,95.5,29.76,14,0
1999,6,4,1,50,0,24.19,95.5,29.75,10,0
1999,6,4,1,55,0.02,24.24,95.3,29.78,9,0
1999,6,4,2,0,0.03,24.27,95.4,29.76,13,0
1999,6,4,2,5,0,24.28,95.2,29.76,11,0
1999,6,4,2,10,0.02,24.34,95.2,29.78,9,0
1999,6,4,2,15,0.03,24.36,95.3,29.79,11,0
1999,6,4,2,20,0.02,24.4,95.1,,10,
1999,6,4,2,25,0.03,24.44,94.9,29.8,11,0
1999,6,4,2,30,0,24.43,94.3,,,
1999,6,4,2,35,0.01,24.42,93.8,29.83,8,0
1999,6,4,2,40,0,24.45,93.6,,11,
1999,6,4,2,45,0.01,24.44,93.3,29.81,14,0
1999,6,4,2,50,0,24.42,93,,10,
1999,6,4,2,55,0.03,24.44,92.7,29.81,11,0
1999,6,4,3,0,0.01,24.45,92.4,,11,
1999,6,4,3,5,0,24.47,92.3,,9,
1999,6,4,3,10,0.03,24.49,92.1,29.8,10,0
1999,6,4,3,15,0.01,24.47,92.2,,9,
1999,6,4,3,20,0.01,24.5,92.1,,8,
1999,6,4,3,25,0.01,24.53,91.9,29.8,7,0
1999,6,4,3,30,0.01,24.51,91.7,29.82,6,
1999,6,4,3,35,0.02,24.5,91.6,,6,0
1999,6,4,3,40,0,24.53,91.4,,6,
1999,6,4,3,45,0.01,24.54,91.5,,6,
1999,6,4,3,50,0.02,24.54,91.8,,7,
1999,6,4,3,55,0.02,24.57,92,29.85,6,0
1999,6,4,4,0,0.02,24.54,92.1,29.84,8,0
1999,6,4,4,5,0.01,24.54,92.3,,13,
1999,6,4,4,10,0,24.53,92.4,29.85,14,0
1999,6,4,4,15,0.01,24.57,92,,15,
1999,6,4,4,20,0.02,24.55,91.8,29.85,14,0
1999,6,4,4,25,0.01,24.53,92.1,,16,
1999,6,4,4,30,0.02,24.52,92,29.84,17,0
1999,6,4,4,35,0.02,24.49,92.3,,18,
1999,6,4,4,40,0.01,24.44,92.3,29.84,16,0
1999,6,4,4,45,0.01,24.43,92.5,29.86,11,0
1999,6,4,4,50,0,24.45,92.7,29.84,14,0
1999,6,4,4,55,0.01,24.45,92.9,29.82,10,0
1999,6,4,5,0,0,24.43,92.8,29.81,15,0
1999,6,4,5,5,0.02,24.41,93.1,29.8,15,0
1999,6,4,5,10,0.06,24.39,93.4,29.78,13,0
1999,6,4,5,15,0.18,24.4,93.7,29.79,11,0
1999,6,4,5,20,0.49,24.36,94.1,29.77,10,0
1999,6,4,5,25,0.93,24.33,94.7,29.79,13,0
1999,6,4,5,30,1.74,24.3,94.9,29.82,11,0
1999,6,4,5,35,3.38,24.26,95.1,29.85,13,0
1999,6,4,5,40,4.72,24.27,94.7,29.87,10,0
1999,6,4,5,45,7.21,24.27,95,,,
1999,6,4,5,50,14.19,24.25,95.3,29.89,9,0
1999,6,4,5,55,14.04,24.27,95.5,29.85,10,0
1999,6,4,6,0,19.69,24.25,95.4,29.85,10,0
1999,6,4,6,5,27.88,24.26,95.3,29.84,14,0
1999,6,4,6,10,28.35,24.3,95.1,,11,
1999,6,4,6,15,24.87,24.31,94.8,29.83,10,0
1999,6,4,6,20,33.88,24.26,95.2,29.83,9,0
1999,6,4,6,25,68.37,24.25,95.7,29.85,11,0
1999,6,4,6,30,58.2,24.28,95.6,29.85,14,0
1999,6,4,6,35,47.42,24.3,95.5,29.88,16,0
1999,6,4,6,40,68.67,24.33,95.4,29.87,15,0
1999,6,4,6,45,55.45,24.37,95,29.87,16,0
1999,6,4,6,50,92.3,24.43,94.7,29.85,17,0
1999,6,4,6,55,79.7,24.48,94.5,29.87,14,0
1999,6,4,7,0,120.2,24.58,94,29.84,10,0
1999,6,4,7,5,79.1,24.64,93.2,29.82,9,0
1999,6,4,7,10,142.7,24.66,93.1,29.82,9,0
1999,6,4,7,15,210.9,24.73,92.7,29.81,11,0
1999,6,4,7,20,198.6,24.88,91.7,29.79,11,0
1999,6,4,7,25,269.4,24.95,91.4,29.81,7,0
1999,6,4,7,30,433.1,25.12,90.3,29.81,10,0
1999,6,4,7,35,428.5,25.36,88.8,29.82,9,0
1999,6,4,7,40,385.6,25.51,87.5,29.85,11,0
1999,6,4,7,45,517.7,25.59,86.8,29.85,11,0
1999,6,4,7,50,536.1,25.87,84.6,29.87,7,0
1999,6,4,7,55,362.4,26.05,83.8,,,
1999,6,4,8,0,277,25.92,83.5,29.87,9,0
1999,6,4,8,5,225.3,25.85,84.9,29.84,9,0
1999,6,4,8,10,141.3,25.83,84.6,29.85,10,0
1999,6,4,8,15,264.4,25.82,83.9,,9,
1999,6,4,8,20,488.9,25.99,83.9,,10,
1999,6,4,8,25,445.4,26.37,82.6,29.84,11,0
1999,6,4,8,30,349.2,26.48,81.7,29.85,9,0
1999,6,4,8,35,176.8,26.33,81.9,29.86,8,0
1999,6,4,8,40,130,26.04,83.1,,8,
1999,6,4,8,45,145,25.9,84.4,29.87,6,0
1999,6,4,8,50,188.8,25.91,84.3,29.87,6,0
1999,6,4,8,55,206.9,25.93,84.5,29.89,7,0
1999,6,4,9,0,268.1,26.04,83.8,,10,
1999,6,4,9,5,606.8,26.28,82.7,29.9,9,0
1999,6,4,9,10,586.7,26.59,81,,8,
1999,6,4,9,15,610.6,26.83,80,29.9,10,0
1999,6,4,9,20,679.2,27.04,78.9,29.91,10,0
1999,6,4,9,25,747,27.37,77.3,29.91,9,0
1999,6,4,9,30,757,27.61,75.7,29.86,10,0
1999,6,4,9,35,827,27.71,74.8,29.84,13,0
1999,6,4,9,40,821,27.8,73.5,29.81,14,0
1999,6,4,9,45,484.6,28.24,71.8,29.79,14,0
1999,6,4,9,50,264.1,28.15,70.3,29.78,11,0
1999,6,4,9,55,575.3,27.85,70.4,29.78,8,0
1999,6,4,10,0,506.6,27.99,69.6,29.77,13,0
1999,6,4,10,5,773,28.08,68.72,29.77,9,0
1999,6,4,10,10,751,28.29,68.14,29.78,10,0
1999,6,4,10,15,609.7,28.55,67.87,29.79,13,0
1999,6,4,10,20,817,28.63,67.7,29.81,9,0
1999,6,4,10,25,823,28.78,66.68,,6,
1999,6,4,10,30,742,28.74,67.36,,,
1999,6,4,10,35,703,28.94,66.95,29.83,8,0
1999,6,4,10,40,762,28.9,67.56,29.8,10,0
1999,6,4,10,45,634.7,28.78,68.75,29.78,15,0
1999,6,4,10,50,880,28.85,68.32,,14,
1999,6,4,10,55,435.9,29.2,67.51,29.78,15,0
1999,6,4,11,0,234.1,28.93,68.06,,13,
1999,6,4,11,5,356,28.71,69.31,29.78,14,0
1999,6,4,11,10,903,28.65,70.2,,13,
1999,6,4,11,15,932,29.04,68.85,29.78,17,0
1999,6,4,11,20,858,29.36,66.89,29.8,9,0
1999,6,4,11,25,792,29.52,64.73,,15,
1999,6,4,11,30,773,29.65,64.15,29.78,13,0
1999,6,4,11,35,946,29.53,65.86,,17,
1999,6,4,11,40,758,29.61,65.36,29.8,16,0
1999,6,4,11,45,668.3,29.84,63.98,29.81,17,0
1999,6,4,11,50,864,29.88,62.82,29.8,15,0
1999,6,4,11,55,911,30.19,59.92,29.8,16,0
1999,6,4,12,0,910,30.54,57.44,29.82,14,0
1999,6,4,12,5,911,30.46,57.01,29.79,15,0
1999,6,4,12,10,910,30.57,57.87,29.76,17,0
1999,6,4,12,15,930,30.78,57.57,29.74,17,0
1999,6,4,12,20,956,30.42,58.52,29.73,18,0
1999,6,4,12,25,795,30.5,58.57,29.71,18,0
1999,6,4,12,30,734,30.72,57.67,29.72,14,0
1999,6,4,12,35,990,31,57.26,29.7,14,0
1999,6,4,12,40,1012,31.06,56.62,29.72,14,0
1999,6,4,12,45,994,31.31,55.8,29.74,14,0
1999,6,4,12,50,438.3,31.39,55.88,29.76,15,0
1999,6,4,12,55,644.9,31.2,56.15,29.77,14,0
1999,6,4,13,0,853,31.39,56.25,,14,
